site,variable,metric,slab,urb,veg,clm5,ucps
AU-Preston,SWup,R,0.9902837449121813,0.9968376793029021,0.9968270515118632,0.9967016400213422,0.9968752656071886
AU-Preston,SWup,RMSE,29.42268300242513,3.810555254891724,3.774142877600319,3.8840399020646053,3.782653022161291
AU-Preston,SWup,MAE,19.388614598610605,2.6222911342214132,2.581179206562821,2.6770525087861476,2.596006673899526
AU-Preston,SWup,STD,1.4502897577884788,1.0130672770190081,1.0068347432842342,1.012184097189045,1.0115274217241914
AU-Preston,LWup,R,0.9750562793143993,0.9838931246140826,0.9930848617545518,0.9870354665998005,0.9911930208037335
AU-Preston,LWup,RMSE,13.814006984856958,21.802926836554203,6.380378287527989,16.456971520617422,9.013669671850165
AU-Preston,LWup,MAE,9.638617574366805,16.791878772381924,5.178383230263771,13.114946291101555,6.737087383723574
AU-Preston,LWup,STD,1.2015300470213104,1.2645494104419548,1.0123554880877514,1.166078531462493,1.0765435397513923
AU-Preston,Rnet,R,0.9970081442269759,0.9990979327902277,0.999581704171216,0.9992006387024235,0.9994664414274256
AU-Preston,Rnet,RMSE,33.65623626697803,22.72150275516143,7.621308157770494,17.22411595094708,10.350873861597352
AU-Preston,Rnet,MAE,19.143827679484044,16.9055075047171,6.1509773325639445,13.117284135663583,7.234397625142996
AU-Preston,Rnet,STD,0.8829767084991942,0.9445139698361897,0.9923575235937004,0.9663757150384461,0.9816183570137879
AU-Preston,Qh,R,0.8588911483091962,0.9336120299470387,0.9374025981117781,0.9187513404859441,0.9299828001970786
AU-Preston,Qh,RMSE,50.22023370037894,37.20479768175019,35.55432733716944,36.648010627715536,39.897533207548676
AU-Preston,Qh,MAE,29.382191666885618,25.992878628564927,25.649551649442024,24.317737739658817,29.84870021139489
AU-Preston,Qh,STD,1.0228984817546949,1.0063308561480435,0.9700157179017695,0.9364434469274305,0.9821165894407152
AU-Preston,Qle,R,0.39191287453222823,0.4364364254459833,0.6247236437581257,0.6130515790817979,0.5374021273210781
AU-Preston,Qle,RMSE,74.27922848430312,49.67704167222388,41.79294252201182,42.43971383193095,45.46939202425266
AU-Preston,Qle,MAE,42.04127400492678,29.521730316999186,24.695387638581526,25.37095891885251,26.254057701071996
AU-Preston,Qle,STD,1.4778856108417069,0.4320672953784789,0.7967973497802977,0.7591354280614413,0.47657229508055615
AU-Preston,Qg,R,0.8895315488639705,0.9099677963816106,0.9094463520063919,0.909271913030557,0.9077775577438941
AU-Preston,Qg,RMSE,52.071481716795496,49.83231732955705,46.668546656593314,48.814436050366794,52.07430282131027
AU-Preston,Qg,MAE,31.83934486789112,34.027908741214986,30.25778393801004,32.35413561468448,36.29628050160529
AU-Preston,Qg,STD,0.7401462999960493,1.078935010117224,0.9191681489165038,1.0780914405817152,1.117659950095606
AU-SurreyHills,SWup,R,0.9850533004887477,0.9956992140501288,0.9960742381116312,0.995680495880045,0.9960124391759719
AU-SurreyHills,SWup,RMSE,13.735396820050473,3.7409881835536165,3.552812508245807,3.6421487517715754,12.923519028122085
AU-SurreyHills,SWup,MAE,7.917192781964116,2.3900797140450947,2.2941811511181593,2.4110653565958162,9.005716017697459
AU-SurreyHills,SWup,STD,1.2561309254865782,0.9804325104935369,0.9801196302689942,0.9880780772294673,0.7744020376719042
AU-SurreyHills,LWup,R,0.9760906132714764,0.9877589536496865,0.9931607416482329,0.9898033129270878,0.9923336124475917
AU-SurreyHills,LWup,RMSE,13.372798335458278,18.742100961497236,4.467164833194839,18.023707568295112,11.574951028102916
AU-SurreyHills,LWup,MAE,9.523101733193826,17.2192199210709,3.5380529145265545,17.13343619454185,10.772161580037578
AU-SurreyHills,LWup,STD,1.213754959753182,1.150646323786896,0.9281321156011922,1.0825619015287857,1.031710931145849
AU-SurreyHills,Rnet,R,0.9963956246142381,0.9991543322610178,0.999421794763046,0.9992229036993646,0.9994224910023688
AU-SurreyHills,Rnet,RMSE,21.561231004433306,18.627507602031137,5.24204599150884,18.12442511719454,9.810802623137485
AU-SurreyHills,Rnet,MAE,12.646151566813003,16.90554758373539,3.9394535035840987,16.980154378924283,8.823133486789576
AU-SurreyHills,Rnet,STD,0.901823584941582,0.9637773194259119,1.011097601079992,0.9793080473768828,1.038458760380704
AU-SurreyHills,Qh,R,0.8443328063090387,0.929764034039892,0.9063359327307514,0.9114923069015703,0.9261300828968405
AU-SurreyHills,Qh,RMSE,43.47538283870601,30.899088911519545,36.95939002036801,34.62285781447895,29.33293842496432
AU-SurreyHills,Qh,MAE,26.554227575756666,18.13087650337123,21.824494055898846,20.18841536771822,18.592623603177355
AU-SurreyHills,Qh,STD,0.7685676267763465,0.7432496684818847,0.6446353965715441,0.7152803007339968,0.8038776242275202
AU-SurreyHills,Qle,R,0.4322207003315538,0.5507832088484895,0.6440234980387329,0.5035519860841948,0.6393647631065985
AU-SurreyHills,Qle,RMSE,47.30566136921186,29.968537414173248,30.240451086595566,33.01950493456552,26.427877625077148
AU-SurreyHills,Qle,MAE,27.991538771066377,17.530577272464335,17.543768624942533,20.544916881789877,15.017882014254035
AU-SurreyHills,Qle,STD,1.5031122873030733,0.5075192537170118,1.0915463767538909,0.5080952960785028,0.6356806920934048
AU-SurreyHills,Qg,R,0.8520172614606982,0.8514991392411114,0.8437715976716806,0.848706981401098,0.8462333837429821
AU-SurreyHills,Qg,RMSE,36.61925514948538,42.8644238622335,38.12127893268748,46.74808630931058,42.6675659849303
AU-SurreyHills,Qg,MAE,22.113384079545327,27.56943978542405,23.507851346571826,29.412818280189498,27.397816139596664
AU-SurreyHills,Qg,STD,0.8752810279816438,1.1776103165585305,0.958751331550947,1.2504428481972503,1.1526789138373756
CA-Sunset,SWup,R,0.9386963874652847,0.9781002042182706,0.977649802098774,0.978048269609703,0.977565780303433
CA-Sunset,SWup,RMSE,13.7350136796543,6.07994542178413,6.570031731271481,6.210657545225215,7.054380321854563
CA-Sunset,SWup,MAE,8.998828323553937,3.8419289573112927,4.163372088856729,3.912026673575604,4.573512623291387
CA-Sunset,SWup,STD,1.283654273305903,1.0361162750915553,0.9420724146299941,0.9687822998425535,1.1007352343013506
CA-Sunset,LWup,R,0.95454954260758,0.9593459757809165,0.9661351551976937,0.9637204454012923,0.9713355469330657
CA-Sunset,LWup,RMSE,18.228576048666802,20.032595556068593,14.854336017713356,16.062109462791295,12.93799949879713
CA-Sunset,LWup,MAE,12.409615137455908,11.937911938265598,9.540647840651003,9.868990181308485,11.016653059540568
CA-Sunset,LWup,STD,1.2729784187200879,1.3139038243604715,1.2057054179891333,1.229968989210966,1.0604710694504889
CA-Sunset,Rnet,R,0.9942189517425377,0.9981564758700523,0.998288960872212,0.998237032699017,0.9982985648992783
CA-Sunset,Rnet,RMSE,25.968952915347803,21.270170747836573,14.348707148152315,15.930385037193439,14.384369168398495
CA-Sunset,Rnet,MAE,16.631747939391076,12.6004911560696,9.499748673389512,10.008280704744626,12.02850031018946
CA-Sunset,Rnet,STD,0.9033620603734618,0.9067706771579062,0.9471793810436736,0.9366044010669554,0.9599426205428221
CA-Sunset,Qh,R,0.8819461020687543,0.9499924370011517,0.9479819464021815,0.945102353981273,0.9393250155591039
CA-Sunset,Qh,RMSE,50.664331928864215,34.02131966837958,33.63633683398322,43.29689687461362,41.71118424756809
CA-Sunset,Qh,MAE,28.623139840127966,23.3538521996815,22.697696696603987,25.765621568350994,32.96822208202765
CA-Sunset,Qh,STD,0.8795532223798153,0.9764603232458549,0.9197118190466396,0.7074297440871496,0.7975681466341511
CA-Sunset,Qle,R,0.47483960720221086,0.5244002508022558,0.682067536920892,0.6980023206502498,0.6984914147171822
CA-Sunset,Qle,RMSE,70.56481319245778,42.00486722931049,33.70323302554662,35.79245885535532,32.72442567584253
CA-Sunset,Qle,MAE,40.10296296603148,24.366880766925966,18.86284226578534,21.605215701777578,18.469981540846245
CA-Sunset,Qle,STD,1.733976297770141,0.4726640916405033,0.6886300227863473,0.9902165007051853,0.7468955882865442
CA-Sunset,Qg,R,0.7958908028785888,0.8461742135996155,0.8461542113263627,0.8460688642969344,0.8367387683228972
CA-Sunset,Qg,RMSE,57.87298242275818,48.35107308408158,48.54527680996151,49.026373619526,50.73661048057504
CA-Sunset,Qg,MAE,38.86475355511691,31.169807908380733,31.196626514510967,32.1277754114439,34.557190591986405
CA-Sunset,Qg,STD,0.6010591394084939,0.845552340834099,0.7989247030499165,0.9259328425438106,0.9241040441408465
FI-Kumpula,SWup,R,0.9573292180363799,0.9803498543628464,0.9479414466793632,0.9332544852798685,0.9785681415153816
FI-Kumpula,SWup,RMSE,21.106887285365286,9.15712634921515,16.490301899107827,16.784641101232022,10.246198014148849
FI-Kumpula,SWup,MAE,10.755432231278865,4.536046079027414,7.443122235158326,6.5559419077372425,5.442519524236224
FI-Kumpula,SWup,STD,1.312752517765472,0.9710093174716738,0.8204240972848236,0.877443781286171,0.9458616387293766
FI-Kumpula,LWup,R,0.9816068860388232,0.993445212207812,0.9968772515354077,0.9931958625166465,0.9939119564811327
FI-Kumpula,LWup,RMSE,13.73864838158238,8.413524855132477,9.34027700212754,6.652564995384184,7.962575902817262
FI-Kumpula,LWup,MAE,9.894011169259581,5.36387498856313,8.217998539797724,4.369122007005174,5.55961657353421
FI-Kumpula,LWup,STD,1.1505345674474396,1.0925785444151734,0.926974133928749,1.016071953862792,1.0964564352196715
FI-Kumpula,Rnet,R,0.9902557220754142,0.9981897059333267,0.9970344598057913,0.9960414832036184,0.9983719196133426
FI-Kumpula,Rnet,RMSE,23.182246049016747,10.721025818473224,16.66757186858079,13.520617267146006,9.390497966202826
FI-Kumpula,Rnet,MAE,14.802211920095598,6.345293021194255,11.624459537084377,6.608657997664328,5.759783618084788
FI-Kumpula,Rnet,STD,0.9277344826010557,0.9627731090274627,1.0247308497307985,0.9910323008800218,0.9768828302286064
FI-Kumpula,Qh,R,0.601336443211408,0.7756438835391205,0.8340351392656096,0.7483166732585165,0.8114230387955962
FI-Kumpula,Qh,RMSE,50.39481385419624,37.46780085740018,32.97960727372706,40.15725980576106,35.30675676160137
FI-Kumpula,Qh,MAE,29.33666152466098,24.794387305356686,22.513347312035428,25.836748547862946,22.011222371044862
FI-Kumpula,Qh,STD,0.6208207886437389,0.7871211924479258,0.8551296601600915,0.6842927406396846,0.9056512954615729
FI-Kumpula,Qle,R,0.6087679807574705,0.6429881865405342,0.7878987526805674,0.6780964838504538,0.7357584295818428
FI-Kumpula,Qle,RMSE,38.84686328825406,32.26978112851935,23.284428700799054,28.1604467002791,27.930693885705416
FI-Kumpula,Qle,MAE,19.486374030788117,16.571677812519734,13.678142816493672,17.04800440350172,14.692056982544885
FI-Kumpula,Qle,STD,1.259519837177238,0.37411402900403834,0.7696635087167529,0.7929844712014201,0.5240126017339211
FI-Kumpula,Qg,R,0.5798336273380882,0.6322650114297479,0.6241478051091822,0.6194877607195312,0.6277037751681817
FI-Kumpula,Qg,RMSE,59.513559935840405,56.09385001560782,50.2713937566472,56.612014879896996,52.49433063050976
FI-Kumpula,Qg,MAE,39.402448983939635,34.47537479684312,30.232406317163512,34.74574638471325,32.42824353339673
FI-Kumpula,Qg,STD,0.9821873545822495,1.1970302979413368,0.9763240695034205,1.1608112478355328,0.9413098086626951
FI-Torni,SWup,R,0.7923717979676986,0.977185893440894,0.9860339880943056,0.982555456236796,0.9482766322267657
FI-Torni,SWup,RMSE,48.84419202184798,6.1980167243573545,4.657369752051975,5.473038627517016,8.967642824895997
FI-Torni,SWup,MAE,23.954684697371366,3.6002351685466647,2.9652013594760045,3.2915856010456883,5.395605791463275
FI-Torni,SWup,STD,2.2415396537025094,1.0247288147757592,0.9904878642050476,0.9357116860137417,1.0086359540307237
FI-Torni,LWup,R,0.9778680440478758,0.9912998170156728,0.9926174649261331,0.9925087213256021,0.9904114028419817
FI-Torni,LWup,RMSE,15.644785108862536,9.807639653499026,15.941035995222677,7.967646623184176,11.04407618542522
FI-Torni,LWup,MAE,11.815045898782307,6.225155905073225,14.706301185045445,5.643080959610592,6.717870304443777
FI-Torni,LWup,STD,1.196038900180065,1.1099705399980133,0.9487922677903642,1.0436615310561643,1.1459209985218821
FI-Torni,Rnet,R,0.9789651569939893,0.9986861421760295,0.999100462674581,0.9989744465209255,0.9986125070190867
FI-Torni,Rnet,RMSE,35.33915745340561,10.562440330914676,15.09204296055427,8.32551785186937,10.607957893778142
FI-Torni,Rnet,MAE,19.77178180044745,6.828526614971196,13.759300275021323,6.003983487482435,6.746281391425855
FI-Torni,Rnet,STD,0.8725983206958259,0.9689387732106591,1.0021169382578239,0.990270488645382,0.9643525489725079
FI-Torni,Qh,R,0.6322327015555588,0.7629485489252161,0.7689478051603114,0.7058590052332165,0.7777653663052214
FI-Torni,Qh,RMSE,70.40541612101137,45.767268145652785,46.71036460149739,51.27959672697524,46.946112247211744
FI-Torni,Qh,MAE,50.87342101893695,32.60631817760632,34.4618863422309,37.3171068825092,32.75360934867394
FI-Torni,Qh,STD,0.7566665875571308,0.8802429796942378,0.8410333083375944,0.8135914504664505,1.0148882288430086
FI-Torni,Qle,R,0.34928091753651425,0.3082440260832357,0.5111966668970336,0.4372383331363615,0.21362485458543606
FI-Torni,Qle,RMSE,58.25792078196006,31.331430997023933,27.62256754003296,28.591136578152895,34.251722100710396
FI-Torni,Qle,MAE,28.804520217349385,17.6483328830952,16.071691119300322,17.40258975250681,19.571527167044547
FI-Torni,Qle,STD,1.9508157153037273,0.4909584521258716,0.7048068521833961,0.6030955468208806,0.6270233331515492
FI-Torni,Qg,R,0.6489292841700154,0.756002775096738,0.7606234939887501,0.7409840795567548,0.7486388225411759
FI-Torni,Qg,RMSE,72.88032099006678,56.397706519533244,54.32243609174709,61.24172402317082,54.58224840025548
FI-Torni,Qg,MAE,56.83382143344061,39.49677627769309,37.7272153111913,43.56672880786952,37.444124065988646
FI-Torni,Qg,STD,0.6074143684987431,1.0022584406172212,0.9397473331547548,1.0943625497711789,0.8622116093469239
FR-Capitole,SWup,R,0.9857091877386959,0.9906375961820802,0.9908449992646957,0.990922880093861,0.9906265157214353
FR-Capitole,SWup,RMSE,18.997927049382753,5.7885581263358015,5.721440855092199,5.226146052810823,9.89909792773786
FR-Capitole,SWup,MAE,12.11369792133789,4.384046017484895,4.334610028255827,3.9753058413941913,6.93519251371869
FR-Capitole,SWup,STD,1.4418012732847076,1.0061922726477606,1.0034674659950504,1.0495271549807887,1.2205358570747251
FR-Capitole,LWup,R,0.9831702018041872,0.9964863568232878,0.9969921440454259,0.9950900997949319,0.9967120065851576
FR-Capitole,LWup,RMSE,14.324288773050307,6.801611435667479,10.873083735505372,8.680858032123126,7.525391375037396
FR-Capitole,LWup,MAE,11.302463764890957,5.224022729033003,10.099016221764604,6.5687480852126745,5.633980739198073
FR-Capitole,LWup,STD,1.034592253921646,1.0708281405224704,0.988525479577786,1.0891588579210625,1.1135869590064107
FR-Capitole,Rnet,R,0.9974630514760189,0.9993520724857996,0.9995211406890556,0.9991957320978958,0.9993052211926792
FR-Capitole,Rnet,RMSE,18.037464758239903,6.940354752163823,13.393647373142693,8.813894749653967,12.822307400775154
FR-Capitole,Rnet,MAE,14.016738872240964,5.174584608712958,11.997081135819876,6.537781024386481,8.188745148496697
FR-Capitole,Rnet,STD,0.9359242827153067,0.9926941879965573,1.009552070375894,0.9850340442749616,0.9439143206674985
FR-Capitole,Qh,R,0.8135741996482815,0.8985205337992574,0.9030603616905182,0.8537327739440922,0.9110380549832087
FR-Capitole,Qh,RMSE,68.17658920305935,36.42524926240486,35.444043625874485,50.30807588167957,37.564680509713675
FR-Capitole,Qh,MAE,52.13279028708751,25.612612347293854,25.979914527921498,35.37329030472403,25.497616099333655
FR-Capitole,Qh,STD,1.0816173389982673,0.8463923837126522,0.8450508207935555,0.6874089077535438,0.8798914425402976
FR-Capitole,Qle,R,0.532486250128614,0.4565246170156908,0.5822223942136473,0.527000589795442,0.543229895594392
FR-Capitole,Qle,RMSE,66.86859649103639,21.16243206960511,18.584747068604788,20.10805432253021,19.63978750980743
FR-Capitole,Qle,MAE,34.42682644427253,14.53751151356405,12.798346185961586,13.779277664812964,13.21933932999752
FR-Capitole,Qle,STD,3.5643692771250617,0.7957136977436327,0.9738395906525807,0.8837421476806322,0.9107592970670211
FR-Capitole,Qg,R,0.8641883856297942,0.9298207736385441,0.9295376392892247,0.9230801263605286,0.9303633421250811
FR-Capitole,Qg,RMSE,74.62037002683293,48.454744810634246,46.05526958973673,61.78582701436663,46.59855902184702
FR-Capitole,Qg,MAE,62.17932316571172,34.59007766525661,32.69365065892769,45.00322719356985,33.455046339150144
FR-Capitole,Qg,STD,0.5659148895364073,1.1005734726742822,1.0357820152306352,1.207846873864798,0.9391819831604313
GR-HECKOR,SWup,R,0.9871268735065634,0.9935721897776703,0.9936052529581768,0.9935046916917131,0.9936258711667237
GR-HECKOR,SWup,RMSE,19.944410045430118,8.43768192974055,8.377340906250078,8.409762695400932,17.895532691817444
GR-HECKOR,SWup,MAE,16.378176869002054,6.217519928578498,6.174293733546802,6.177473694175114,15.098626658248154
GR-HECKOR,SWup,STD,0.90057915246912,1.056218508409144,1.054544866459245,1.053549767069929,0.8888186859328611
GR-HECKOR,LWup,R,0.9619353817637779,0.9685576250444408,0.9743056557845912,0.9749239282363825,0.9898483291306203
GR-HECKOR,LWup,RMSE,28.875774899267842,33.90045352547956,25.248500974869298,30.126853174598764,18.882797826354807
GR-HECKOR,LWup,MAE,19.222724333727182,24.489533249949588,17.249093641900544,21.522387489894676,15.721746745288574
GR-HECKOR,LWup,STD,1.4663379437946737,1.454080677385407,1.3457175298904471,1.4170114754299876,1.1881076036133191
GR-HECKOR,Rnet,R,0.9972768092043977,0.9983276210316648,0.9988072095264438,0.9981476807487484,0.9992259055556426
GR-HECKOR,Rnet,RMSE,21.827883441771686,35.132568392387746,26.69749597378953,31.386753769852472,11.692510303722456
GR-HECKOR,Rnet,MAE,14.641944025094213,23.804309707567192,16.9405668758096,21.045906935575754,9.667432584371973
GR-HECKOR,Rnet,STD,0.9441771472886622,0.900410748608102,0.9194967873457509,0.9132403729022467,0.9985018074580813
GR-HECKOR,Qh,R,0.9192747586736716,0.9516270595745653,0.9499032277069865,0.9501943514935204,0.9560803394799448
GR-HECKOR,Qh,RMSE,58.67430533053807,37.351086271829395,38.25542112599358,37.4610967999079,40.51832520079767
GR-HECKOR,Qh,MAE,36.14532915847294,23.5454117386312,23.968685513563365,23.016265198243605,30.01173146972645
GR-HECKOR,Qh,STD,1.3154758629712477,1.0989111571736259,1.1016126756927962,1.1187321019929992,1.0721654373519816
GR-HECKOR,Qle,R,0.16049105272776093,0.18946937224076132,0.29767365639226157,0.14484573780129173,0.22964656418251794
GR-HECKOR,Qle,RMSE,66.91874040523352,41.968398813053874,38.119410388036755,44.635718149862385,38.766698838155705
GR-HECKOR,Qle,MAE,34.82908738234173,23.951676818506225,20.742712565055754,26.17789170894213,22.083716298551757
GR-HECKOR,Qle,STD,1.7885851589624655,0.7209322864107531,0.7649159418888871,0.7616164401098067,0.5788637885088702
GR-HECKOR,Qg,R,0.9380084776380503,0.9515833629771516,0.9520795690670958,0.947598631985684,0.9614519095116926
GR-HECKOR,Qg,RMSE,69.66137998469668,54.02538832260431,55.725158721682156,50.580906947252956,44.00117281127388
GR-HECKOR,Qg,MAE,47.65203829662962,35.569152482896094,36.43853783460862,32.620986069076174,32.87918856549226
GR-HECKOR,Qg,STD,0.6187398109879546,0.8035281398004334,0.7753477303065837,0.831166022229967,1.0036044449824004
JP-Yoyogi,SWup,R,0.7926629554830446,0.9421006485658653,0.9479905066022273,0.9701970544373996,0.9405494445138527
JP-Yoyogi,SWup,RMSE,27.784289428883064,12.401069375040672,11.680569348046392,8.534492903418377,15.405036553918727
JP-Yoyogi,SWup,MAE,13.058207876407957,6.026085178291543,5.868883331899916,5.161954661100688,10.91806968200313
JP-Yoyogi,SWup,STD,1.3479809215496574,1.0944844906490185,1.085992949338421,1.0426658854904685,0.8225406132526389
JP-Yoyogi,LWup,R,0.956400115244909,0.9840002333351932,0.9862649400968972,0.9844353822843163,0.9912568528718666
JP-Yoyogi,LWup,RMSE,19.085941634901737,16.80205462892017,10.995393673877988,14.833430127667409,8.63988952074733
JP-Yoyogi,LWup,MAE,13.944075979018477,11.586822082158712,6.646198316092598,9.560703707150836,6.958576838590132
JP-Yoyogi,LWup,STD,1.154386322672961,1.1658540269931106,1.1173995403426258,1.150855304985662,1.0334404432483064
JP-Yoyogi,Rnet,R,0.9900796014407497,0.9976891298311564,0.9980539395688903,0.9980799131761112,0.9985072395183953
JP-Yoyogi,Rnet,RMSE,28.822937194867517,19.94299027062231,14.958974821715083,17.85301844041779,15.111853847372965
JP-Yoyogi,Rnet,MAE,18.441597839901974,12.217916838018743,8.191422669381817,10.381631651892896,11.440247882090201
JP-Yoyogi,Rnet,STD,0.9558403978906604,0.9436377033121883,0.9540621475527188,0.9436359928869164,1.0159873849437335
JP-Yoyogi,Qh,R,0.5874113929808198,0.8502198369992675,0.8564752450642599,0.8099729153278281,0.7612323161082005
JP-Yoyogi,Qh,RMSE,65.11546996709002,46.294078217590155,48.6451487589661,40.19756213909531,71.17713105776897
JP-Yoyogi,Qh,MAE,42.68914455622365,37.93982903517124,41.1594393735892,30.57216807951339,63.10846743482854
JP-Yoyogi,Qh,STD,0.7466683478511995,0.9861246692472979,0.9677659543368682,0.8851421685697218,0.8982508620093236
JP-Yoyogi,Qle,R,0.520732922300638,0.4452388321244163,0.5517459542597289,0.47151454196964865,0.5761400225195079
JP-Yoyogi,Qle,RMSE,128.98424848341057,38.11222361664267,33.930691873765014,36.67190495864825,34.04167635762902
JP-Yoyogi,Qle,MAE,70.91576140583801,23.777849577217474,20.238737464466173,22.212594435334708,20.192050463301012
JP-Yoyogi,Qle,STD,3.4719028574685034,0.7039196758815311,0.7206728085092083,0.7347998983623882,0.5535227160419937
JP-Yoyogi,Qg,R,0.8007061188355866,0.9362447547245126,0.9380057114275061,0.9340255923546248,0.9304827469475394
JP-Yoyogi,Qg,RMSE,94.8026639337314,54.55690125189597,53.71101150851888,52.145473688167606,67.52132476436618
JP-Yoyogi,Qg,MAE,63.89558197330928,42.36441426205902,41.533595292693406,37.44022332979997,55.94204469751751
JP-Yoyogi,Qg,STD,0.47715189112590456,1.0106112421930498,0.9787906232459476,1.0630280677224566,1.186881103345077
KR-Jungnang,SWup,R,0.9348469321868959,0.9826074331762522,0.9826079668524811,0.9824690118346275,0.9824580660450798
KR-Jungnang,SWup,RMSE,29.953715895460725,7.112295764597601,7.082879842365658,6.709683428052661,8.794638347208217
KR-Jungnang,SWup,MAE,23.843257947945308,5.5700181982552985,5.550489845944752,5.396745758801823,6.727382582756706
KR-Jungnang,SWup,STD,1.4168154046865933,0.8747924874155126,0.876079201455909,0.9210713761618139,0.8222398474149761
KR-Jungnang,LWup,R,0.981599362261108,0.9936815697572416,0.9936864241038769,0.9921518269346133,0.9944351295740204
KR-Jungnang,LWup,RMSE,14.963459069021233,13.360781233166538,13.352095988152678,14.76261965264493,9.81227561679721
KR-Jungnang,LWup,MAE,11.369703683575453,9.85814110294485,9.852358852775083,11.158939377447638,7.5989685829341
KR-Jungnang,LWup,STD,1.011665962435697,1.0844091236395503,1.0843346086538865,1.090158578691615,0.9215072627503981
KR-Jungnang,Rnet,R,0.9933733135866416,0.9992630398134039,0.999262910032214,0.9989420565257348,0.9995236306975207
KR-Jungnang,Rnet,RMSE,25.954689269458182,12.292968150489434,12.321186251569294,14.977202335869766,13.497145822384462
KR-Jungnang,Rnet,MAE,17.624128309591093,9.667053948339477,9.687435267158298,11.899145633553152,9.730099372031209
KR-Jungnang,Rnet,STD,0.9296488494055625,0.9823444998950294,0.9821598352048428,0.9803259333995946,1.0506130018632172
KR-Jungnang,Qh,R,0.6920569321973931,0.8177257992484502,0.8177134664605279,0.7885405826625049,0.613323261415923
KR-Jungnang,Qh,RMSE,72.00380959725115,45.87381807199503,45.86438263398808,46.49686391781348,74.74716354196387
KR-Jungnang,Qh,MAE,51.99201822721813,34.58164143012058,34.572276787793754,32.77927886787344,63.17294527738387
KR-Jungnang,Qh,STD,0.8695147016479642,0.9694129457231905,0.9691129411889181,0.8391391280359682,0.8006671601241272
KR-Jungnang,Qle,R,0.4156591732389234,0.3702682898133018,0.3702757763731096,0.34595654622804684,0.41138051625405764
KR-Jungnang,Qle,RMSE,101.50270949676992,28.966118417729177,28.9658096873527,29.931559220979096,26.961934331079725
KR-Jungnang,Qle,MAE,50.2299526467866,17.52045355322053,17.520379500724424,18.15655913721428,15.906912687138101
KR-Jungnang,Qle,STD,3.6650318640210195,0.6347026066234353,0.6346661314222459,0.6940577137616911,0.44204781114635083
KR-Jungnang,Qg,R,0.8508447623831045,0.9227002530021029,0.9227043145016547,0.923960055610208,0.9200390567162791
KR-Jungnang,Qg,RMSE,82.84470966175022,55.402000772549826,55.396824475074936,57.751965998282095,82.37244034706825
KR-Jungnang,Qg,MAE,61.67118151152527,41.233550521977016,41.22876750506507,41.528737545506935,67.25062767563936
KR-Jungnang,Qg,STD,0.5530919761751005,1.0163799585848219,1.0162507980396103,1.099217771330616,1.3422143482204343
KR-Ochang,SWup,R,0.9412073996076079,0.9503317105074095,0.9464521381417798,0.9463835344535168,0.9494032001454142
KR-Ochang,SWup,RMSE,18.45902241505056,15.050389707969876,15.601142634939459,16.68501965988901,19.038984084009762
KR-Ochang,SWup,MAE,8.270358684575214,6.4972463084935494,7.131190934212894,9.562012740432635,8.896485526691352
KR-Ochang,SWup,STD,0.8207283874191869,0.9345727534750907,0.9457154979796013,0.9952286370890842,0.7847828416144146
KR-Ochang,LWup,R,0.98876671083678,0.989750221519576,0.9910334374009562,0.9891513159177737,0.9882373980825521
KR-Ochang,LWup,RMSE,9.852337931910222,17.194208908885674,8.849283129485164,13.080768384531407,19.58049298792174
KR-Ochang,LWup,MAE,6.931243499387612,14.00171690950517,6.896337585538698,10.236688434385615,14.065628907636663
KR-Ochang,LWup,STD,1.024854554508013,1.0739628462491773,0.9621658394975228,1.032439795117553,1.1433858860642385
KR-Ochang,Rnet,R,0.9969325541170777,0.9971994554155459,0.9976338731347204,0.9970426613735786,0.9972507462490711
KR-Ochang,Rnet,RMSE,15.541164761828774,19.718792567710008,13.797419273885923,18.890362437674558,16.95974316237367
KR-Ochang,Rnet,MAE,8.567072877307355,14.951125160277437,7.944422748359973,13.751498501080023,11.36910164920951
KR-Ochang,Rnet,STD,1.0198320981255624,0.9846232984518127,1.0194788612578063,0.984894529101001,0.9859854980596845
KR-Ochang,Qh,R,0.8257316569013272,0.8903341805601076,0.8930837094851618,0.8398140021286523,0.9128776139777898
KR-Ochang,Qh,RMSE,53.61470974553526,39.87214143810181,37.83472087143588,36.14753812671163,53.10477513946023
KR-Ochang,Qh,MAE,28.258466040033408,29.865435829704214,28.778855328009207,25.282575481362446,30.049655887599428
KR-Ochang,Qh,STD,1.400362278542637,1.0688915985599925,1.0342937140220696,0.7841835964553546,1.4676299989710948
KR-Ochang,Qle,R,0.6054700226967835,0.7184050750299172,0.7677476476701968,0.6888609556747999,0.6168437671948608
KR-Ochang,Qle,RMSE,77.55907478758245,42.20781006305508,35.8185152675694,48.959571323263,46.77749782662071
KR-Ochang,Qle,MAE,42.04170422399376,22.41118804960055,21.213230072185336,29.825596147223884,24.86972730573694
KR-Ochang,Qle,STD,1.755871397427,0.4751201924683356,0.8887049737399817,1.1967580031240759,0.48011690165483667
KR-Ochang,Qg,R,0.8115203703654973,0.9099346392066362,0.9088218792491303,0.9049120505995011,0.9059892974119536
KR-Ochang,Qg,RMSE,75.65056979344308,52.71109157005383,52.96991342415155,52.2412586000822,56.18564715746965
KR-Ochang,Qg,MAE,46.37466972921972,40.58358257582058,38.90030755333213,38.19887113391084,35.97231732309626
KR-Ochang,Qg,STD,0.5044662668035323,0.975452709136961,0.8654243086164751,0.9224946374877939,0.7405874962825114
MX-Escandon,SWup,R,0.9755649599911447,0.9823941502044624,0.9834294318849921,0.9833929633850985,0.9830827967082103
MX-Escandon,SWup,RMSE,38.18291192784829,7.342510332678181,7.113246536274109,6.651998057440293,6.93637458179967
MX-Escandon,SWup,MAE,27.364374703060026,5.412417012188795,5.201706776634055,4.84967723196777,5.117325205428565
MX-Escandon,SWup,STD,1.8724644777101913,1.0251702886580623,1.0273007005746777,1.0908103827881006,1.1111916665996686
MX-Escandon,LWup,R,,,,,
MX-Escandon,LWup,RMSE,,,,,
MX-Escandon,LWup,MAE,,,,,
MX-Escandon,LWup,STD,,,,,
MX-Escandon,Rnet,R,,,,,
MX-Escandon,Rnet,RMSE,,,,,
MX-Escandon,Rnet,MAE,,,,,
MX-Escandon,Rnet,STD,,,,,
MX-Escandon,Qh,R,0.7684067722093868,0.8212821888205672,0.8247023677058413,0.8071174147672147,0.7847107971629649
MX-Escandon,Qh,RMSE,56.38042094098921,50.65514757701251,52.71893490664863,49.537947404511264,53.416228975557274
MX-Escandon,Qh,MAE,34.91336860517597,32.323574442943425,33.68378759648701,31.08056107248509,39.11533454517798
MX-Escandon,Qh,STD,1.0485428797744616,1.1230082881974979,1.1738958067241396,1.0389266391003953,0.9776879848361604
MX-Escandon,Qle,R,0.42581747435212525,0.24275275078054095,0.4201915693702817,0.29671886475850046,0.4257071737119994
MX-Escandon,Qle,RMSE,76.31183048398428,42.74157691744345,36.40370140172083,42.916280350431045,35.92076407549776
MX-Escandon,Qle,MAE,39.084406729197575,27.5343421966877,22.056894044195953,27.513059618839186,22.0559480717017
MX-Escandon,Qle,STD,2.2995610136636913,0.6405310257633143,0.6893984803192275,0.7527315522704366,0.600640504913068
MX-Escandon,Qg,R,,,,,
MX-Escandon,Qg,RMSE,,,,,
MX-Escandon,Qg,MAE,,,,,
MX-Escandon,Qg,STD,,,,,
NL-Amsterdam,SWup,R,0.9619044100558707,0.98541452561949,0.9858502654526806,0.9856589571950252,0.9858830231940694
NL-Amsterdam,SWup,RMSE,33.261055128694544,4.744173690986578,4.626771437892843,4.454203686567166,4.885701087117231
NL-Amsterdam,SWup,MAE,21.97454023992659,3.1583989291823724,3.1229698535746575,3.0238075110426257,3.208064932993161
NL-Amsterdam,SWup,STD,1.9310009584722334,0.9206865009076008,0.9228811540255293,0.9401894400971842,0.9134718072525384
NL-Amsterdam,LWup,R,0.9730383526394607,0.9892702497245297,0.9912035828797287,0.9897780071045323,0.9896482575853788
NL-Amsterdam,LWup,RMSE,12.40655589312574,7.616025201751373,19.664840804510995,6.315430996016829,17.02128052506796
NL-Amsterdam,LWup,MAE,10.138974289884878,5.738197674700786,18.82803943320336,4.7134621383782855,15.723582452686069
NL-Amsterdam,LWup,STD,1.112745739008092,1.060047999433478,0.9266892035416171,1.041580953927055,0.8970089574561163
NL-Amsterdam,Rnet,R,0.9959863199978215,0.9993035155163142,0.9994246553951341,0.9993467531421396,0.9993283301898904
NL-Amsterdam,Rnet,RMSE,29.231136325788064,7.840384252054164,20.85205709666845,7.050579988919019,18.852830889725237
NL-Amsterdam,Rnet,MAE,18.48881298885958,5.970837410010387,19.612914328560926,5.200135508388899,16.890373189654213
NL-Amsterdam,Rnet,STD,0.8719954272788739,0.9972778134427297,1.0166647211130053,0.9948748637567785,1.0260544370648392
NL-Amsterdam,Qh,R,0.777396527444454,0.8515263134236469,0.8575150379167185,0.8405194615166004,0.8367341452838116
NL-Amsterdam,Qh,RMSE,67.12316250961891,48.49464386714101,52.79537105432864,50.158676519860435,61.231719261391234
NL-Amsterdam,Qh,MAE,47.192537675707705,33.44044927548909,39.70578706695495,33.312895818644265,48.779822882730485
NL-Amsterdam,Qh,STD,0.8243540177421232,0.8080964324341136,0.7847205125659539,0.7959992293530403,0.8241995366304415
NL-Amsterdam,Qle,R,0.5379167811533635,0.6499082560223542,0.644094771901622,0.6542372465358023,0.6697594540201327
NL-Amsterdam,Qle,RMSE,65.3427966224238,27.543432185989303,28.50403446740281,26.6823261509839,28.452203182486954
NL-Amsterdam,Qle,MAE,38.13384125376635,16.551695520370444,17.53579513551099,15.52169983992356,18.122759592969736
NL-Amsterdam,Qle,STD,2.238030273277168,0.7152228003431714,0.9657484659404508,0.8595263838850185,0.7101909191986701
NL-Amsterdam,Qg,R,0.8262334970526486,0.8949621360039448,0.8949990148861772,0.888809577706047,0.893282520237928
NL-Amsterdam,Qg,RMSE,79.71912348423649,56.509805711332206,53.30689068562462,56.23609683601864,57.154263087955826
NL-Amsterdam,Qg,MAE,59.50746932873026,41.13916982134588,37.608122155957325,39.6603230594841,42.44463235477513
NL-Amsterdam,Qg,STD,0.4432602378738239,1.0799084839990911,0.9877898869670646,1.0343083621410272,1.073457255052263
PL-Lipowa,SWup,R,0.8592279087626693,0.8575994294311292,0.8585229535059207,0.8586160050832967,0.8516515692051014
PL-Lipowa,SWup,RMSE,55.45253802664417,11.30743436235135,11.035507381969481,11.041933222336699,24.53932519400057
PL-Lipowa,SWup,MAE,36.4685499892163,7.703297913756906,7.478249094038912,7.437996587354634,16.986535193453182
PL-Lipowa,SWup,STD,2.9475782028926956,1.0528783652690878,0.9901354699171347,0.9687190469890657,1.7422467135094672
PL-Lipowa,LWup,R,0.9726412149373443,0.9838253329411657,0.9876783536516568,0.980041851880745,0.9890386467766425
PL-Lipowa,LWup,RMSE,28.977331082904854,20.925122771671788,32.562309426575425,22.989246896336702,35.904577496076655
PL-Lipowa,LWup,MAE,26.148342947507167,18.911553153503093,30.756540662967446,20.420197035871773,33.99668754095642
PL-Lipowa,LWup,STD,0.9643044861069149,0.9902100567316326,0.8981422124770427,0.957955608900062,0.8624298085016315
PL-Lipowa,Rnet,R,0.991264612502732,0.9962736388879718,0.995534576383845,0.9949489175817261,0.9952698559113766
PL-Lipowa,Rnet,RMSE,44.92182367052772,25.06208932354628,35.790581596399925,27.546922383526688,34.46111855064138
PL-Lipowa,Rnet,MAE,34.668889290808686,21.67666537545542,32.270285548891444,23.302656156038093,30.901385813339974
PL-Lipowa,Rnet,STD,0.7627068344092363,0.9466553657287337,0.978134065725478,0.9640716397690956,0.909902790708581
PL-Lipowa,Qh,R,0.809003413056285,0.8585891495230875,0.8462453787738049,0.8195247773467306,0.8372396282898428
PL-Lipowa,Qh,RMSE,40.410797545275535,65.4584409844942,66.89810953171748,54.944166146649664,58.99346403406035
PL-Lipowa,Qh,MAE,25.861338927389895,54.13040321648564,58.062942831842705,44.59973026935348,51.23217647049829
PL-Lipowa,Qh,STD,0.9511520531342106,1.1712227957006356,1.0461093375261103,0.9788140755004567,0.9312916350828246
PL-Lipowa,Qle,R,0.37766526979291604,0.3368918359683143,0.6261499629431334,0.553608827756105,0.6333308047615956
PL-Lipowa,Qle,RMSE,56.1528933637069,31.987246494226238,26.864871276766657,27.504099438670455,27.24742344387625
PL-Lipowa,Qle,MAE,32.767153704251434,19.62149134415478,16.51357421149292,17.158165616790082,16.817959717599937
PL-Lipowa,Qle,STD,1.8124111595708547,0.5021556119224273,0.9000849986734478,0.6826148141526792,0.9517879906571189
PL-Lipowa,Qg,R,0.8299227037421886,0.9070999421313551,0.9043764016077154,0.8917867674543926,0.8995471364759303
PL-Lipowa,Qg,RMSE,88.94249285981766,62.627006183156986,65.17612723739015,60.102244275291255,68.21826859716164
PL-Lipowa,Qg,MAE,60.67636104370702,44.44069195802832,45.290563720314516,43.44349313610211,45.877643809478585
PL-Lipowa,Qg,STD,0.43131254418287795,0.760370249001209,0.7152601251880073,0.8464111219132232,0.6576829810380812
PL-Narutowicza,SWup,R,0.9427010478746052,0.9517550129373837,0.956042005988851,0.9448924384760216,0.9466885984977489
PL-Narutowicza,SWup,RMSE,57.285594420480145,7.236691823703555,6.658102208804683,7.3484456690829285,15.91296552152727
PL-Narutowicza,SWup,MAE,39.07481279473314,4.253096889155207,3.6692838951077964,4.033836450400643,11.061962433918659
PL-Narutowicza,SWup,STD,2.859668787774799,1.0833206869342944,0.9806815522009878,0.9950430754793371,1.4554225627875312
PL-Narutowicza,LWup,R,0.9697030238631021,0.9767975349690448,0.9761172963518175,0.9758859910397646,0.9769402247924195
PL-Narutowicza,LWup,RMSE,16.329069027420058,12.534300278283752,19.51123295607747,12.723510331968606,16.632154253929393
PL-Narutowicza,LWup,MAE,13.050154087471508,11.49438171522618,14.688470944128865,11.365964452792905,12.063561968830456
PL-Narutowicza,LWup,STD,1.0138208284645045,0.9995506046230056,0.8943252164655036,0.960441775994364,0.917417306038053
PL-Narutowicza,Rnet,R,0.9905288697087627,0.9967295337215617,0.9967695419853251,0.9968026449167698,0.9966027643638926
PL-Narutowicza,Rnet,RMSE,44.90570058875027,14.0121397658242,20.82750409602002,13.620774039174659,16.399409026156306
PL-Narutowicza,Rnet,MAE,27.917200963716486,12.220123341576798,15.830596342960568,11.776606212885788,12.255970380841648
PL-Narutowicza,Rnet,STD,0.7790361934709163,0.9802373786160478,1.019320158441035,0.9972189610210827,0.9584973337646974
PL-Narutowicza,Qh,R,0.7905187362306076,0.8851294349717852,0.8841605904037738,0.8137527905511951,0.8873681637239901
PL-Narutowicza,Qh,RMSE,46.142640412329946,51.79884486655292,50.4233001642423,46.802053389041156,43.828158694488906
PL-Narutowicza,Qh,MAE,29.060603765711544,41.00716868959382,42.27712431777039,35.91626237356561,35.28040788635391
PL-Narutowicza,Qh,STD,0.8400057367178768,1.1044656114142002,0.951662468222914,0.8564499053501027,0.929359172050811
PL-Narutowicza,Qle,R,0.42846593625507534,0.43722849723464424,0.6567463234707844,0.5279979779882574,0.6465257248749298
PL-Narutowicza,Qle,RMSE,56.56303431896052,43.21914523749131,33.904721645277284,38.78704457709766,34.0595778985302
PL-Narutowicza,Qle,MAE,36.562388651260555,28.975131574128053,22.184511009191144,26.45715649742066,22.23342857032267
PL-Narutowicza,Qle,STD,1.3749279510392483,0.41652076474868105,0.8682951643975706,0.6720347463759128,0.7244009410092299
PL-Narutowicza,Qg,R,0.8310346839721685,0.8919342457547063,0.897028797624216,0.8839288438016031,0.8963620109347243
PL-Narutowicza,Qg,RMSE,58.17601489877249,49.96760803142913,47.59398456106783,54.225767758653326,46.327497246445404
PL-Narutowicza,Qg,MAE,39.909666099063834,37.52485639563496,35.16783606249327,40.87225061199405,33.26126141471003
PL-Narutowicza,Qg,STD,0.6367656163514785,1.029277304586955,0.9554206831644185,1.162602553969266,0.9191742233098025
SG-TelokKurau06,SWup,R,0.9699481573994286,0.9929937304532388,0.9932144039703158,0.9932088786548664,0.9931050407749062
SG-TelokKurau06,SWup,RMSE,16.473761496793866,6.476900162543779,6.5177226143718725,6.847434622166124,12.16464054318365
SG-TelokKurau06,SWup,MAE,11.023053217593446,4.612406749655801,4.651179280965668,4.86789137191647,9.166383849859335
SG-TelokKurau06,SWup,STD,1.207873983535202,1.0592807303333134,1.0610119211527897,1.067568735102843,0.8630724857219347
SG-TelokKurau06,LWup,R,0.9053633869081491,0.983883950329399,0.985424579594903,0.9822690882983517,0.9861058080279761
SG-TelokKurau06,LWup,RMSE,16.983794901207215,19.65571183968778,13.240067098217164,17.990453644531748,7.875008345895909
SG-TelokKurau06,LWup,MAE,14.561475011238304,12.328094506575992,12.111132363772848,11.371186122297486,6.271214073048672
SG-TelokKurau06,LWup,STD,1.363919755034626,1.7271104146092557,1.4369563613506844,1.6629427000208292,1.2989789150642441
SG-TelokKurau06,Rnet,R,0.995662015678799,0.9988317561515475,0.9992351445008054,0.998799865886308,0.9994227758368358
SG-TelokKurau06,Rnet,RMSE,23.22400614577638,22.70948040332328,15.268693073867036,21.564994868637967,9.030890200385448
SG-TelokKurau06,Rnet,MAE,17.71052018465113,13.845689526638065,13.656883673864089,13.211054667827776,7.0403513750690605
SG-TelokKurau06,Rnet,STD,0.9549183663209106,0.9216439848109441,0.9496443186724012,0.9271022749160919,1.0020704827815028
SG-TelokKurau06,Qh,R,0.7085849909561752,0.9588257869612958,0.9608060090582289,0.9573976925774755,0.9287086693956872
SG-TelokKurau06,Qh,RMSE,69.54835828147053,33.23489848498694,31.152006736738446,24.165539930917575,49.795273074143445
SG-TelokKurau06,Qh,MAE,39.83564863678238,21.395334075674242,22.315114677759148,14.742031693837488,41.02870674123394
SG-TelokKurau06,Qh,STD,0.6757610938854618,1.15756218071394,1.0784625543486408,0.9643564699647896,1.0181912037001193
SG-TelokKurau06,Qle,R,0.7164997374424384,0.4100814000393809,0.6737436534122524,0.5870346893977431,0.511646321404079
SG-TelokKurau06,Qle,RMSE,124.66450131426876,49.230310137751786,37.046923022078026,41.104227552262856,45.035199015913925
SG-TelokKurau06,Qle,MAE,65.39968730945176,29.080060272297633,20.716950766144596,23.729309775009053,26.369353569571892
SG-TelokKurau06,Qle,STD,2.945806361071632,0.6756227028760056,0.8464456742176071,0.8023327081351542,0.4528411414416726
SG-TelokKurau06,Qg,R,0.8477403935318429,0.9167590359799601,0.9211822989896247,0.9227062135736431,0.9297690321223795
SG-TelokKurau06,Qg,RMSE,70.0610415999636,46.736577811289465,44.59183800430443,44.90654824740709,60.0962990010255
SG-TelokKurau06,Qg,MAE,47.18344163272403,29.747148876939548,27.971541676578997,27.74028607377173,44.98119693860319
SG-TelokKurau06,Qg,STD,0.5158068726488344,1.0086457881988766,0.9311290682179798,1.0340890354471326,1.2987248879171114
UK-KingsCollege,SWup,R,0.965897784764354,0.9858833570105819,0.9859852558736797,0.9856639288585358,0.98583608292858
UK-KingsCollege,SWup,RMSE,19.637453503914433,4.241389871832949,4.181349314487944,4.213262652101176,6.260307697567315
UK-KingsCollege,SWup,MAE,11.718410899305484,2.672654904390234,2.6541046924102853,2.655875886323466,3.704837586279375
UK-KingsCollege,SWup,STD,1.6086850756762885,0.9495973810746265,0.9539238407362551,0.9577577831002,0.8323952373414343
UK-KingsCollege,LWup,R,0.9818881131531025,0.9914300890351619,0.9917700745825977,0.9927335731844338,0.9834293722776135
UK-KingsCollege,LWup,RMSE,11.132923449189187,7.007729918238613,5.112903897153983,6.0276302917694435,8.971734074062674
UK-KingsCollege,LWup,MAE,8.90260994198699,5.522106395028971,3.952591265088591,4.711592316018838,7.002602429636461
UK-KingsCollege,LWup,STD,1.1816537027450664,1.0474474674208318,1.0124859784907023,1.0204653922551357,0.9826155469153139
UK-KingsCollege,Rnet,R,0.9956108593117433,0.9990887622483193,0.9992326451624237,0.999332250053319,0.9988612873000519
UK-KingsCollege,Rnet,RMSE,22.107400388442727,7.547454129600202,6.333863504804505,6.3999818082157365,12.151925010151489
UK-KingsCollege,Rnet,MAE,14.10976431018169,5.893903480356053,4.6829877767973995,4.904746457105858,8.770847156323928
UK-KingsCollege,Rnet,STD,0.8836737014981599,1.0025914651290428,1.008106269838774,1.0006752892693016,1.0405497733835496
UK-KingsCollege,Qh,R,0.6869601848562104,0.7968000261030537,0.7973976779477953,0.7604959335965344,0.8015581861602532
UK-KingsCollege,Qh,RMSE,74.04501601308003,44.48615549361421,42.989196174347754,55.45892418326108,63.70193952951399
UK-KingsCollege,Qh,MAE,59.345185595914444,32.163149980226294,31.00930834290108,42.46990236423411,46.084056153455755
UK-KingsCollege,Qh,STD,0.832974663092761,0.7612679150467577,0.7524409832765245,0.8196708922214974,0.4557152476029344
UK-KingsCollege,Qle,R,0.36074189681507646,0.42780008656658525,0.4386827504629315,0.42544282476507256,0.3245685305721823
UK-KingsCollege,Qle,RMSE,60.76269244689523,23.389480176231146,23.73531318334271,24.62151055719409,51.93596902349097
UK-KingsCollege,Qle,MAE,34.4197485480631,16.075876850239005,16.404619781856088,16.74779130694707,33.40333257455018
UK-KingsCollege,Qle,STD,2.5965407555949707,0.749428242651682,0.7997335312025653,0.8697114732075997,1.9419317535325793
UK-KingsCollege,Qg,R,0.8454571317252157,0.898111395078409,0.8984900097331638,0.8872875068129186,0.8669350861648828
UK-KingsCollege,Qg,RMSE,80.21191899532207,53.454139399244376,52.914542411907895,61.112608254633535,66.40787805209638
UK-KingsCollege,Qg,MAE,66.56992648476071,39.05942853024745,38.69852458200364,45.95232790363176,49.6623298543804
UK-KingsCollege,Qg,STD,0.5199063691629204,1.0347142563941396,1.01930259304833,1.0028291136390082,1.0596927214120242
UK-Swindon,SWup,R,0.9870633365244967,0.9951631248301268,0.9941624714006868,0.9883678252170268,0.9925882917113897
UK-Swindon,SWup,RMSE,11.325490915659959,3.4528401441661374,3.69470974723959,4.741531844185868,4.263814511816745
UK-Swindon,SWup,MAE,6.454617358947456,2.221225495081432,2.390173633244525,2.8409904383015183,2.6635527021092704
UK-Swindon,SWup,STD,1.266437804361359,0.94959540357372,0.9488420277172377,0.9817848809248951,0.936784042229967
UK-Swindon,LWup,R,0.9796468505300954,0.989518959171283,0.9931746332966472,0.9890840900677247,0.9943050116572343
UK-Swindon,LWup,RMSE,10.587769946986763,10.5693361104277,5.999914427391136,11.44478273576466,8.123944176789015
UK-Swindon,LWup,MAE,6.7352010412240615,7.573491874602466,4.145751745456773,8.237725524225459,7.368062469889472
UK-Swindon,LWup,STD,1.196178361808115,1.1600746220181037,1.083437507804722,1.184324181608876,0.9813861496382826
UK-Swindon,Rnet,R,0.99650726361493,0.9995159497147246,0.9995981067824311,0.9991189771468411,0.9995083213421411
UK-Swindon,Rnet,RMSE,17.838089258671502,9.618614583412302,5.475775083364473,11.944638056952883,9.313528120668652
UK-Swindon,Rnet,MAE,9.890000974194553,7.144142673162989,3.8637807020875456,8.940257374495753,8.239685270396757
UK-Swindon,Rnet,STD,0.9216870150339668,0.9655790354595551,0.9847485668893649,0.9599864760779279,1.0091836360281352
UK-Swindon,Qh,R,0.8430146530326039,0.9432144188646977,0.9481714878544869,0.9142115492638683,0.9375549825327513
UK-Swindon,Qh,RMSE,33.473799483626955,33.14462479639691,32.217915282849994,27.393497680603765,37.96370824944803
UK-Swindon,Qh,MAE,21.553538495992264,26.438564619014986,26.037733186196544,20.65529815716417,33.7423331943639
UK-Swindon,Qh,STD,0.8888843799585626,1.0857359204361123,1.0726938994183393,0.8043640583710226,0.906237642874016
UK-Swindon,Qle,R,0.7096173077829595,0.8318864022098382,0.8840058892298638,0.8050877314911843,0.8871556075104493
UK-Swindon,Qle,RMSE,50.59997896025129,27.053130452581662,20.92850608558453,25.764266620746852,19.52293790904835
UK-Swindon,Qle,MAE,28.27976961784338,15.519300087360394,12.16973673940279,16.608095344540374,11.90751674515967
UK-Swindon,Qle,STD,1.711417689979225,0.567649904995288,0.7168564192724185,1.0305893522645089,1.0198908347147666
UK-Swindon,Qg,R,0.8666472947441956,0.9240976566772989,0.9250165522819971,0.9183380755555295,0.9265833154144246
UK-Swindon,Qg,RMSE,39.992093870995994,36.49827967957994,35.542676028713366,35.67918600194531,36.941981025940365
UK-Swindon,Qg,MAE,25.14779525466136,29.03914078583848,27.99216653071225,27.1577970610116,30.153341091217467
UK-Swindon,Qg,STD,0.8048056801804586,1.057442085544418,0.9933395563322391,1.1106289326302918,1.0137526699566266
US-Baltimore,SWup,R,0.9753099618633894,0.9196565932260115,0.9825550517401545,0.9380804314115004,0.9771943261944828
US-Baltimore,SWup,RMSE,8.133334703403063,16.01278156288376,6.790161649680822,14.039342274299456,8.469885061431281
US-Baltimore,SWup,MAE,5.156440746803122,5.941257241406459,4.4017322752259345,5.401193740011945,4.979454623425847
US-Baltimore,SWup,STD,1.0599322234153175,1.1697543916524697,1.0112199306878245,1.1518041835927555,1.0996450264559583
US-Baltimore,LWup,R,0.9665176513234441,0.9720710508387427,0.9850392793674122,0.9715536460575415,0.9890588361201252
US-Baltimore,LWup,RMSE,17.088428661714715,19.822087015285142,11.128985851386135,19.70250385094537,9.59660756197758
US-Baltimore,LWup,MAE,13.24093046411218,12.18119880371298,8.702025316851257,12.002920469402039,7.163548196974386
US-Baltimore,LWup,STD,1.0572564636997406,1.2108482335756878,1.0551752093147855,1.22369912979785,1.0777940564570527
US-Baltimore,Rnet,R,0.998111191842094,0.9977024774317398,0.9992892853998976,0.996986483708535,0.9993508027941596
US-Baltimore,Rnet,RMSE,19.164551480698147,22.83005668970463,12.52420271393871,22.860065997213134,12.385097265879557
US-Baltimore,Rnet,MAE,14.980542914182736,13.126322118729332,9.961312420394021,13.582327754040286,8.885988905168999
US-Baltimore,Rnet,STD,0.9430648881756919,0.9201659598545939,0.9611462216233891,0.9257430769440971,0.953049977570212
US-Baltimore,Qh,R,0.7166759533408397,0.8194269412802369,0.838671812389267,0.7572807289388928,0.8662674934602834
US-Baltimore,Qh,RMSE,66.45309783988235,53.57448172721597,48.312329700044515,58.10495712986804,46.01680878874372
US-Baltimore,Qh,MAE,41.32595607555784,37.75209078257809,32.16074972711234,39.86530279568977,31.41340838126219
US-Baltimore,Qh,STD,0.925178694979188,0.9187846607669712,0.8108909050293467,0.7529365671936229,0.959250203078712
US-Baltimore,Qle,R,0.756157849086084,0.7811026066294678,0.8368583135820387,0.6636136706574572,0.8339862965748644
US-Baltimore,Qle,RMSE,86.07254645174388,52.64817935658547,46.47985387466302,60.11309546893884,40.23183733882037
US-Baltimore,Qle,MAE,50.85382557902191,31.64804608478479,27.426085233270573,39.24907236673992,24.326897847382863
US-Baltimore,Qle,STD,1.637183369549948,0.455118711055831,1.125997034620253,0.9972906479661843,0.7886480463227825
US-Baltimore,Qg,R,0.6608944108211028,0.8021152787505563,0.8184827834490762,0.795717717421352,0.8122271681437641
US-Baltimore,Qg,RMSE,74.08602611501377,64.7322433795319,56.62319149123913,61.59489922265968,57.40458382370881
US-Baltimore,Qg,MAE,52.00319321275589,45.12988398046093,37.77748057277756,41.63239817064003,38.41653881322225
US-Baltimore,Qg,STD,0.572072912995962,1.0805351636328842,0.7834750462474454,0.96343633505604,0.838389210207106
US-Minneapolis1,SWup,R,0.8494261930032652,0.938515875885163,0.8535222145955046,0.9067213253579284,0.9591669157120486
US-Minneapolis1,SWup,RMSE,79.04374636324654,38.23651199304579,61.859333042498406,45.94933257945408,59.06016549996479
US-Minneapolis1,SWup,MAE,45.126035089894714,17.904432357396725,28.027363894853345,20.902649140295267,38.22894266970494
US-Minneapolis1,SWup,STD,0.4336734883668675,0.7984675782732403,0.6072990881538528,0.7562593316480546,0.5871417103421828
US-Minneapolis1,LWup,R,0.9897820033701978,0.9913227744188189,0.9900960126558354,0.9883899155945863,0.9912193028591971
US-Minneapolis1,LWup,RMSE,10.294027692182507,12.522027134099519,10.679911549436037,12.681432160909573,14.016519667456961
US-Minneapolis1,LWup,MAE,7.6655496015359486,9.363927294998287,7.484465284884889,9.618862555746835,10.470831816303708
US-Minneapolis1,LWup,STD,0.9873947180218265,1.0516812252527792,0.9486011883175779,0.9677993209519324,1.066776634843665
US-Minneapolis1,Rnet,R,0.9653062393832601,0.984466150522842,0.9707296135175177,0.9815432870089748,0.9806477077233777
US-Minneapolis1,Rnet,RMSE,56.33112840685838,29.377227169771388,45.27130264161212,32.93349903647795,40.67888236328858
US-Minneapolis1,Rnet,MAE,27.6919589168136,15.777862600069843,19.941214731249268,16.8750775253556,22.308742048743923
US-Minneapolis1,Rnet,STD,1.111027124979676,0.9840169265303373,1.0648933258010873,1.0254010208325253,1.1029666864117773
US-Minneapolis1,Qh,R,0.8604968315641509,0.8544510051560492,0.9066003943418013,0.8607409319861983,0.9125365996739138
US-Minneapolis1,Qh,RMSE,66.11934383999498,43.62206275119528,35.447727596243055,49.009540569751806,39.20490278583059
US-Minneapolis1,Qh,MAE,35.85236790040063,29.052240303742447,23.34525142082308,31.681826375000533,25.092397710609433
US-Minneapolis1,Qh,STD,1.4521279958525992,0.8905224184882621,0.9270164481664299,0.6122458279973538,1.0865770413495393
US-Minneapolis1,Qle,R,0.6270096070933021,0.8041367453103977,0.8706420086192883,0.8364721229384888,0.8438543717979207
US-Minneapolis1,Qle,RMSE,63.6793093215607,34.21404338582234,36.92278334867243,47.05648487849278,30.39127717078163
US-Minneapolis1,Qle,MAE,35.85587674919107,19.14661040482394,20.594874827250244,27.65958281864019,16.661132590911947
US-Minneapolis1,Qle,STD,1.4381372189455857,0.6304805036459509,1.2419488588969905,1.388695724516656,0.725788204939029
US-Minneapolis1,Qg,R,0.45140044062426365,0.6307463251333268,0.6439444276555875,0.6293866768456434,0.6499513760984484
US-Minneapolis1,Qg,RMSE,73.97191407182297,71.37810388187268,64.83156615755115,70.45230706102095,68.25150784567212
US-Minneapolis1,Qg,MAE,46.59306748356314,47.51197424868746,41.106499110676594,47.05680314488735,44.80206655839763
US-Minneapolis1,Qg,STD,0.4819739383660252,1.0165591818567836,0.8277775409658111,0.9854447330444094,0.9729737305027976
US-Minneapolis2,SWup,R,0.8242239253827166,0.9543796985783377,0.9575239534225299,0.8908156813302487,0.9587321042381308
US-Minneapolis2,SWup,RMSE,81.31485610367399,43.60881521977539,63.25135437617998,43.07715598440464,59.1921228601895
US-Minneapolis2,SWup,MAE,46.26691358304596,27.20945381505742,41.556687028716055,18.589566740238666,38.290695616904515
US-Minneapolis2,SWup,STD,0.4262935925133768,0.7505256504786136,0.5549634268838867,0.7611146671230186,0.586229289259263
US-Minneapolis2,LWup,R,0.9895712621895666,0.9894845125301536,0.9915918222633825,0.9824804438768757,0.9912173597318195
US-Minneapolis2,LWup,RMSE,10.396347114325872,14.055442655458895,10.581918016102444,14.532394207113102,14.016903726785133
US-Minneapolis2,LWup,MAE,7.728538266131539,10.399068224671755,7.992399838119218,10.205356249849029,10.472738244452504
US-Minneapolis2,LWup,STD,0.9867571336070484,1.0830580843976287,1.0065109727092922,0.9055732926875235,1.0667179043368962
US-Minneapolis2,Rnet,R,0.9634285956070521,0.9866116068778429,0.9804752467978358,0.984872219706404,0.9805500802723124
US-Minneapolis2,Rnet,RMSE,57.75506589762281,30.14714741342643,45.87149181424516,32.37362382421134,40.7663782749001
US-Minneapolis2,Rnet,MAE,28.264853723959575,15.833381878340015,25.438407924677964,16.97168717236223,22.338699961396873
US-Minneapolis2,Rnet,STD,1.1128575081696408,1.0460292999934917,1.1362431760930038,1.0613104006830498,1.1030104164295964
US-Minneapolis2,Qh,R,0.7748391326555549,0.7863581056311404,0.8593304939722956,0.6477894940919617,0.8616464516885056
US-Minneapolis2,Qh,RMSE,89.33537438500905,53.13590006687993,54.51605149439188,50.49024108532099,53.20845507132946
US-Minneapolis2,Qh,MAE,46.57048573041597,33.77957176514826,31.1341719877573,32.31698689032729,31.654313259952495
US-Minneapolis2,Qh,STD,1.9450963710110525,1.2741469488750543,1.4691161163571596,0.6987521793940623,1.3963270624557593
US-Minneapolis2,Qle,R,0.577668602481328,0.8605509788441952,0.8870724870006605,0.8869034935852337,0.8614171148147961
US-Minneapolis2,Qle,RMSE,79.91660234377574,44.75370407150699,36.41534492958886,61.25235510180438,45.069572429798974
US-Minneapolis2,Qle,MAE,44.71201638590357,24.273968030219724,20.232796496441225,35.600181210026015,23.573977578246556
US-Minneapolis2,Qle,STD,1.188916283848512,0.6442997805609832,0.8314159171477454,1.4931749573130115,0.6234929044019624
US-Minneapolis2,Qg,R,0.5477449259684358,0.6768639708293498,0.6797615751933985,0.6564231668764241,0.7311215073064428
US-Minneapolis2,Qg,RMSE,67.91826952996146,67.60532297532261,63.389875314866266,62.82624587674557,60.866411677910534
US-Minneapolis2,Qg,MAE,43.870235712057244,42.76093374889073,39.509167617298544,41.14388180228954,40.26168481122418
US-Minneapolis2,Qg,STD,0.5802962320885935,1.0587733896366853,0.9388207544937435,1.2226518810526132,1.0384830046100182
US-WestPhoenix,SWup,R,0.9963457996985219,0.9958425170073341,0.9959047022710996,0.9958408399258161,0.9958675536742022
US-WestPhoenix,SWup,RMSE,45.491283297700804,5.4482618026962975,5.381861429764876,5.784747778342931,5.179937842769144
US-WestPhoenix,SWup,MAE,36.06642729737976,3.8303213290996485,3.7799413305087586,4.113122886941997,3.765372297885645
US-WestPhoenix,SWup,STD,1.5185161861390095,1.0002133749884352,0.9994911450979787,0.9897724512966987,1.027218829326614
US-WestPhoenix,LWup,R,0.9940104577592653,0.9969261916194654,0.997182990997113,0.9946915253915387,0.9965429616330858
US-WestPhoenix,LWup,RMSE,10.507747259955256,11.134702464945459,8.527163721435109,13.724772866573907,11.500339697747302
US-WestPhoenix,LWup,MAE,7.041679295802245,9.486314774219034,6.971240508573444,11.966024703439109,9.713889453619872
US-WestPhoenix,LWup,STD,1.0520265829195528,1.0045128426409897,0.9817367922760639,1.0076501188743006,1.005628985489981
US-WestPhoenix,Rnet,R,0.9989687325248576,0.9993310467933996,0.9993432192829824,0.9990144929258282,0.9993175612602029
US-WestPhoenix,Rnet,RMSE,41.64625812504374,11.546129796800777,9.605187835505262,13.939487313442509,12.700152337330207
US-WestPhoenix,Rnet,MAE,25.877527677078547,9.533664590934114,7.876783562422848,12.041009549592877,10.380713263901091
US-WestPhoenix,Rnet,STD,0.8541260209803553,0.995726401254605,1.004542210880337,1.0081121229664973,0.9903935289254304
US-WestPhoenix,Qh,R,0.951584617969387,0.9550244912311435,0.956174846174438,0.9332009464856317,0.9459937822621114
US-WestPhoenix,Qh,RMSE,29.129093362325918,40.95647038543233,41.30436782989815,37.54951007011518,40.00045822097737
US-WestPhoenix,Qh,MAE,17.500907988926393,27.93103387776346,27.812347484576478,28.74085284596233,29.949254916971032
US-WestPhoenix,Qh,STD,1.0363998249080189,1.1827710017824211,1.1978133968871651,0.9972830208483879,1.0871355609914242
US-WestPhoenix,Qle,R,0.27895807277438023,0.4274670517352046,0.5192215720957195,0.3327818068746693,0.41996672329266554
US-WestPhoenix,Qle,RMSE,36.33174470975077,27.71695946590634,25.140018971953705,30.03840736224101,27.522537377778388
US-WestPhoenix,Qle,MAE,20.52385290241321,16.67427751917306,14.572536290123189,18.370662974084414,16.36295262033907
US-WestPhoenix,Qle,STD,1.0887656441654086,0.43809023906724887,0.48376444042362843,0.6355488504385481,0.46881862117014844
US-WestPhoenix,Qg,R,0.9598535976359152,0.9632087963813242,0.9633198671073356,0.9605668761548188,0.9608039761575755
US-WestPhoenix,Qg,RMSE,44.477489469001014,39.059956663230615,39.0520714462035,43.26323074760885,42.64043494108235
US-WestPhoenix,Qg,MAE,26.23164435687508,28.43244838412671,27.9450635100678,34.10194143265535,33.46248965349452
US-WestPhoenix,Qg,STD,0.7905988021649291,0.96911927501827,0.9501663062553598,1.1176486813766326,1.0403791724461646
