Site,Variable,Model,mean_sdev,mean_coef
AU-Preston,Rn,CNTL,0.921904399471031,0.9986894192729914
AU-Preston,Rn,WRF_LCZ,0.9687264864029723,0.9988564797367593
AU-Preston,Rn,LI_LCZ,0.9629507813217327,0.9988698399309098
AU-Preston,Rn,CESM_LCZ,0.9631501984219757,0.9988898498942063
AU-Preston,SWup,CNTL,1.0121840971890448,0.9967016400213417
AU-Preston,SWup,WRF_LCZ,1.0121840971890448,0.9967016400213417
AU-Preston,SWup,LI_LCZ,1.0121840971890448,0.9967016400213417
AU-Preston,SWup,CESM_LCZ,1.0121840971890448,0.9967016400213417
AU-Preston,LWup,CNTL,1.3322363831855657,0.9726339130455007
AU-Preston,LWup,WRF_LCZ,1.1501696750038393,0.987789624789108
AU-Preston,LWup,LI_LCZ,1.1709000720957015,0.9872754531282687
AU-Preston,LWup,CESM_LCZ,1.1660785314624929,0.9870354665998
AU-Preston,Qh,CNTL,1.083277111019102,0.939803780179121
AU-Preston,Qh,WRF_LCZ,0.9197483219308061,0.9118906695072673
AU-Preston,Qh,LI_LCZ,0.9394098131337127,0.9171582426926648
AU-Preston,Qh,CESM_LCZ,0.9364434454866003,0.9187513403887162
AU-Preston,Qle,CNTL,0.7810960165832279,0.6169531036830073
AU-Preston,Qle,WRF_LCZ,0.7590504415008648,0.6131647421040131
AU-Preston,Qle,LI_LCZ,0.7624055652801611,0.6138319132490989
AU-Preston,Qle,CESM_LCZ,0.759135428818954,0.6130515796000756
AU-Preston,Qtau,CNTL,0.4207845157684171,0.8607375067426566
AU-Preston,Qtau,WRF_LCZ,0.40959253094193526,0.8531373858331048
AU-Preston,Qtau,LI_LCZ,0.4106306042793199,0.8540943320323117
AU-Preston,Qtau,CESM_LCZ,0.4108395300647896,0.8551592620263266
AU-SurreyHills,Rn,CNTL,0.9520255161812076,0.9986754257640824
AU-SurreyHills,Rn,WRF_LCZ,0.9922941013428674,0.9988878162659365
AU-SurreyHills,Rn,LI_LCZ,0.9874238104486511,0.9988923975100482
AU-SurreyHills,Rn,CESM_LCZ,0.9880926480311963,0.9989409584022247
AU-SurreyHills,SWup,CNTL,0.9880780772294673,0.9956804958800449
AU-SurreyHills,SWup,WRF_LCZ,0.9880780772294673,0.9956804958800449
AU-SurreyHills,SWup,LI_LCZ,0.9880780772294673,0.9956804958800449
AU-SurreyHills,SWup,CESM_LCZ,0.9880780772294673,0.9956804958800449
AU-SurreyHills,LWup,CNTL,1.1919256214548255,0.9790755292472055
AU-SurreyHills,LWup,WRF_LCZ,1.0790305753383522,0.99011890287043
AU-SurreyHills,LWup,LI_LCZ,1.092166266884462,0.9898450364304328
AU-SurreyHills,LWup,CESM_LCZ,1.0825619015287857,0.9898033129270873
AU-SurreyHills,Qh,CNTL,0.8189123758272995,0.9309666110874003
AU-SurreyHills,Qh,WRF_LCZ,0.7076888888868044,0.9047106515901723
AU-SurreyHills,Qh,LI_LCZ,0.720105871587222,0.9090782676281659
AU-SurreyHills,Qh,CESM_LCZ,0.7152803004036299,0.9114923068253153
AU-SurreyHills,Qle,CNTL,0.5323563644070344,0.511392138788103
AU-SurreyHills,Qle,WRF_LCZ,0.5050758387989512,0.5046418949528553
AU-SurreyHills,Qle,LI_LCZ,0.5074318156889368,0.5059046950799766
AU-SurreyHills,Qle,CESM_LCZ,0.5080952964062541,0.5035519862773332
AU-SurreyHills,Qtau,CNTL,0.389092992036191,0.8457736528640746
AU-SurreyHills,Qtau,WRF_LCZ,0.381294682836287,0.8369336338745065
AU-SurreyHills,Qtau,LI_LCZ,0.3818935797403046,0.8380427590055606
AU-SurreyHills,Qtau,CESM_LCZ,0.38287445865109376,0.8374724972936366
CA-Sunset,Rn,CNTL,0.9146860787220953,0.997915943782502
CA-Sunset,Rn,WRF_LCZ,0.9305893475634609,0.9979906764669254
CA-Sunset,Rn,LI_LCZ,0.9305746434666712,0.9979980000824556
CA-Sunset,Rn,CESM_LCZ,0.9306359376770135,0.9980153877766298
CA-Sunset,SWup,CNTL,0.9687902419721334,0.9780657957544969
CA-Sunset,SWup,WRF_LCZ,0.9687726057218202,0.9780633146549079
CA-Sunset,SWup,LI_LCZ,0.9687768552966523,0.9780627116365586
CA-Sunset,SWup,CESM_LCZ,0.9687822998425534,0.9780482696097028
CA-Sunset,LWup,CNTL,1.2898293058027268,0.9574147486191213
CA-Sunset,LWup,WRF_LCZ,1.237125540158415,0.9643525208854148
CA-Sunset,LWup,LI_LCZ,1.2339920077773407,0.9641366364940784
CA-Sunset,LWup,CESM_LCZ,1.2299689892109662,0.9637204454012916
CA-Sunset,Qh,CNTL,0.7461799154252371,0.9462036597069026
CA-Sunset,Qh,WRF_LCZ,0.6976851204645104,0.944022357212381
CA-Sunset,Qh,LI_LCZ,0.7079835580738274,0.9447759649787764
CA-Sunset,Qh,CESM_LCZ,0.7074297441394642,0.9451023539223934
CA-Sunset,Qle,CNTL,1.0037273718312676,0.6978927474536603
CA-Sunset,Qle,WRF_LCZ,0.9906310420639065,0.697747096133003
CA-Sunset,Qle,LI_LCZ,0.99254044295092,0.6975529477074333
CA-Sunset,Qle,CESM_LCZ,0.9902165005861717,0.6980023206418009
CA-Sunset,Qtau,CNTL,0.599852288599937,0.3229324406964495
CA-Sunset,Qtau,WRF_LCZ,0.5915888646050511,0.31880251354250394
CA-Sunset,Qtau,LI_LCZ,0.5922502383999732,0.31925781935007597
CA-Sunset,Qtau,CESM_LCZ,0.5927364051410166,0.31895337032909654
FI-Kumpula,Rn,CNTL,0.9615740090239469,0.9956606303145088
FI-Kumpula,Rn,WRF_LCZ,0.9804188963545046,0.9960545000384481
FI-Kumpula,Rn,LI_LCZ,0.9830523743004786,0.9960894410475117
FI-Kumpula,Rn,CESM_LCZ,0.9840086549651392,0.9951774773253348
FI-Kumpula,SWup,CNTL,0.9135260873267961,0.9397639865577547
FI-Kumpula,SWup,WRF_LCZ,0.9083905509320964,0.9502195114227635
FI-Kumpula,SWup,LI_LCZ,0.9104624855871385,0.950620414680533
FI-Kumpula,SWup,CESM_LCZ,0.877443781286171,0.9332544852798689
FI-Kumpula,LWup,CNTL,1.051007289642533,0.9903142542646345
FI-Kumpula,LWup,WRF_LCZ,1.0252260605983805,0.9935317266983047
FI-Kumpula,LWup,LI_LCZ,1.0200551588195073,0.9936763820919613
FI-Kumpula,LWup,CESM_LCZ,1.016071953862792,0.9931958625166466
FI-Kumpula,Qh,CNTL,0.7882634078926889,0.7867867668972737
FI-Kumpula,Qh,WRF_LCZ,0.6861308957730664,0.7366435356992014
FI-Kumpula,Qh,LI_LCZ,0.6806314578633307,0.7295785708398097
FI-Kumpula,Qh,CESM_LCZ,0.6842927412195896,0.7483166730082024
FI-Kumpula,Qle,CNTL,0.8103574485452204,0.6830695233943063
FI-Kumpula,Qle,WRF_LCZ,0.8005817886821678,0.6814703273162417
FI-Kumpula,Qle,LI_LCZ,0.7991802410013173,0.6815323330877276
FI-Kumpula,Qle,CESM_LCZ,0.7929844731509019,0.678096483726165
FI-Kumpula,Qtau,CNTL,,
FI-Kumpula,Qtau,WRF_LCZ,,
FI-Kumpula,Qtau,LI_LCZ,,
FI-Kumpula,Qtau,CESM_LCZ,,
FI-Torni,Rn,CNTL,0.9334373731441855,0.998630141525231
FI-Torni,Rn,WRF_LCZ,0.9833513423447054,0.9985337380483059
FI-Torni,Rn,LI_LCZ,0.9857444924077297,0.9985448706865677
FI-Torni,Rn,CESM_LCZ,0.98901329934553,0.9987328737411365
FI-Torni,SWup,CNTL,1.0984437596827468,0.933323689212703
FI-Torni,SWup,WRF_LCZ,0.9904019950207267,0.963054399536849
FI-Torni,SWup,LI_LCZ,1.002417706463358,0.9640997034271119
FI-Torni,SWup,CESM_LCZ,0.9357116860137417,0.982555456236796
FI-Torni,LWup,CNTL,1.1223363730353106,0.9847129041362261
FI-Torni,LWup,WRF_LCZ,1.0648373476760005,0.9924189237074964
FI-Torni,LWup,LI_LCZ,1.0649134880096915,0.9923121858473758
FI-Torni,LWup,CESM_LCZ,1.0436615310561643,0.992508721325602
FI-Torni,Qh,CNTL,1.0360884755405002,0.791563292509251
FI-Torni,Qh,WRF_LCZ,0.8416194404686383,0.7030506706197077
FI-Torni,Qh,LI_LCZ,0.8308136804079381,0.6918161798142939
FI-Torni,Qh,CESM_LCZ,0.8135914498852785,0.7058590051388368
FI-Torni,Qle,CNTL,0.6378977954553403,0.46220242534158446
FI-Torni,Qle,WRF_LCZ,0.6115454214722605,0.4515681186898503
FI-Torni,Qle,LI_LCZ,0.6114701872054311,0.45275819414612933
FI-Torni,Qle,CESM_LCZ,0.6030955469193975,0.4372383326511669
FI-Torni,Qtau,CNTL,,
FI-Torni,Qtau,WRF_LCZ,,
FI-Torni,Qtau,LI_LCZ,,
FI-Torni,Qtau,CESM_LCZ,,
FR-Capitole,Rn,CNTL,0.9094508361751661,0.9988392236574292
FR-Capitole,Rn,WRF_LCZ,0.9749459995487562,0.9990890988519032
FR-Capitole,Rn,LI_LCZ,0.9834867572527787,0.9989983184223314
FR-Capitole,Rn,CESM_LCZ,0.9849537403350652,0.9991556038726559
FR-Capitole,SWup,CNTL,1.0495236537101744,0.9909230539862051
FR-Capitole,SWup,WRF_LCZ,1.0495271545888099,0.9909228800644665
FR-Capitole,SWup,LI_LCZ,1.0495271305248746,0.9909228780421314
FR-Capitole,SWup,CESM_LCZ,1.0495271549807887,0.9909228800938609
FR-Capitole,LWup,CNTL,1.2754049492452424,0.9856404238656309
FR-Capitole,LWup,WRF_LCZ,1.119984110116509,0.9955798291782926
FR-Capitole,LWup,LI_LCZ,1.1066196438760303,0.994411536039592
FR-Capitole,LWup,CESM_LCZ,1.0891588579210625,0.9950900997949321
FR-Capitole,Qh,CNTL,0.9729857043125264,0.9124455193205671
FR-Capitole,Qh,WRF_LCZ,0.7606180192662383,0.8627499799446727
FR-Capitole,Qh,LI_LCZ,0.7064231879927729,0.8378604791106848
FR-Capitole,Qh,CESM_LCZ,0.6874089070313076,0.8537327745229576
FR-Capitole,Qle,CNTL,1.0226007310332914,0.5141822494355853
FR-Capitole,Qle,WRF_LCZ,0.8982876115275509,0.5329626851699928
FR-Capitole,Qle,LI_LCZ,0.8825680861824261,0.5331956762332233
FR-Capitole,Qle,CESM_LCZ,0.8837421482152833,0.527000589294808
FR-Capitole,Qtau,CNTL,0.5023355434377675,0.8883399964160528
FR-Capitole,Qtau,WRF_LCZ,0.49378324439190785,0.8900350490727549
FR-Capitole,Qtau,LI_LCZ,0.4911100448007886,0.889411029550419
FR-Capitole,Qtau,CESM_LCZ,0.48969901696773144,0.8953458590470923
GR-HECKOR,Rn,CNTL,0.8588723069185351,0.9964593181390633
GR-HECKOR,Rn,WRF_LCZ,0.9233481873948438,0.9970369480747566
GR-HECKOR,Rn,LI_LCZ,0.922584808806902,0.9970473897379553
GR-HECKOR,Rn,CESM_LCZ,0.9225597748379895,0.9970723618725966
GR-HECKOR,SWup,CNTL,1.053549767069929,0.993504691691713
GR-HECKOR,SWup,WRF_LCZ,1.053549767069929,0.993504691691713
GR-HECKOR,SWup,LI_LCZ,1.053549767069929,0.993504691691713
GR-HECKOR,SWup,CESM_LCZ,1.053549767069929,0.993504691691713
GR-HECKOR,LWup,CNTL,1.6792677012335675,0.9310490422211727
GR-HECKOR,LWup,WRF_LCZ,1.4179754859725966,0.9761911281847646
GR-HECKOR,LWup,LI_LCZ,1.4200849239941697,0.9755373975427565
GR-HECKOR,LWup,CESM_LCZ,1.4170114754299876,0.9749239282363825
GR-HECKOR,Qh,CNTL,1.3701144908947003,0.9371590287664803
GR-HECKOR,Qh,WRF_LCZ,1.1105908846687642,0.9501145419404999
GR-HECKOR,Qh,LI_LCZ,1.1185483357767103,0.9501810274810767
GR-HECKOR,Qh,CESM_LCZ,1.1187321029050357,0.9501943517054191
GR-HECKOR,Qle,CNTL,0.7677313335536374,0.15307591014136623
GR-HECKOR,Qle,WRF_LCZ,0.7596329274223622,0.14401176308999594
GR-HECKOR,Qle,LI_LCZ,0.7602335623224744,0.14423069203744424
GR-HECKOR,Qle,CESM_LCZ,0.7616164415253218,0.14484573826398417
GR-HECKOR,Qtau,CNTL,0.1667094568119223,0.8605527761230618
GR-HECKOR,Qtau,WRF_LCZ,0.16137387700218447,0.8824538627586047
GR-HECKOR,Qtau,LI_LCZ,0.16157837295110974,0.8826102421049542
GR-HECKOR,Qtau,CESM_LCZ,0.1619787987155772,0.8853590982670565
JP-Yoyogi,Rn,CNTL,0.8972294914017429,0.9969112006967054
JP-Yoyogi,Rn,WRF_LCZ,0.9226406771949022,0.9973813532241865
JP-Yoyogi,Rn,LI_LCZ,0.9322047223571682,0.9973572166735125
JP-Yoyogi,Rn,CESM_LCZ,0.9321645896727014,0.9974182787137059
JP-Yoyogi,SWup,CNTL,1.0430200592319074,0.9701804399311488
JP-Yoyogi,SWup,WRF_LCZ,1.042793103842346,0.9702097958687989
JP-Yoyogi,SWup,LI_LCZ,1.0427601528749049,0.9702066615119943
JP-Yoyogi,SWup,CESM_LCZ,1.0426658854904685,0.9701970544373999
JP-Yoyogi,LWup,CNTL,1.2425546733003325,0.9693613990321877
JP-Yoyogi,LWup,WRF_LCZ,1.1724485236777655,0.9817601488695139
JP-Yoyogi,LWup,LI_LCZ,1.1568442046317011,0.9847968527113465
JP-Yoyogi,LWup,CESM_LCZ,1.150855304985662,0.9844353822843159
JP-Yoyogi,Qh,CNTL,1.0316028955675447,0.8539875652273698
JP-Yoyogi,Qh,WRF_LCZ,0.9566718925864766,0.8394247419032986
JP-Yoyogi,Qh,LI_LCZ,0.8905305229748219,0.8067322812527976
JP-Yoyogi,Qh,CESM_LCZ,0.8851421686439549,0.8099729154229318
JP-Yoyogi,Qle,CNTL,0.7549541057221286,0.46653584316099383
JP-Yoyogi,Qle,WRF_LCZ,0.7399532485906227,0.4728678193433025
JP-Yoyogi,Qle,LI_LCZ,0.7350143781854593,0.4728844323119158
JP-Yoyogi,Qle,CESM_LCZ,0.7347998983079281,0.4715145422442628
JP-Yoyogi,Qtau,CNTL,,
JP-Yoyogi,Qtau,WRF_LCZ,,
JP-Yoyogi,Qtau,LI_LCZ,,
JP-Yoyogi,Qtau,CESM_LCZ,,
KR-Jungnang,Rn,CNTL,0.9226162085206011,0.9951849698731547
KR-Jungnang,Rn,WRF_LCZ,0.9723800748288999,0.9979727407936566
KR-Jungnang,Rn,LI_LCZ,0.9827987199226682,0.9979088852467227
KR-Jungnang,Rn,CESM_LCZ,0.9831229758599939,0.9980493986613784
KR-Jungnang,SWup,CNTL,0.9210079041534307,0.9824736310190317
KR-Jungnang,SWup,WRF_LCZ,0.9210518043812203,0.9824752523483047
KR-Jungnang,SWup,LI_LCZ,0.9210372740607848,0.982476313352759
KR-Jungnang,SWup,CESM_LCZ,0.9210713761618137,0.9824690118346274
KR-Jungnang,LWup,CNTL,1.207838640679753,0.9783062114356141
KR-Jungnang,LWup,WRF_LCZ,1.1119300535035477,0.9922162600308337
KR-Jungnang,LWup,LI_LCZ,1.100833529356509,0.9923281285195324
KR-Jungnang,LWup,CESM_LCZ,1.0901585786916155,0.9921518269346133
KR-Jungnang,Qh,CNTL,1.1131046910226832,0.8101240479149985
KR-Jungnang,Qh,WRF_LCZ,0.9107521985471236,0.8005496699988419
KR-Jungnang,Qh,LI_LCZ,0.8428042454700665,0.7874513013599683
KR-Jungnang,Qh,CESM_LCZ,0.8391391287321172,0.78854058265662
KR-Jungnang,Qle,CNTL,0.7454710356651711,0.34180421077549006
KR-Jungnang,Qle,WRF_LCZ,0.7004722311371877,0.3481995532245957
KR-Jungnang,Qle,LI_LCZ,0.6936727856272639,0.3473138905721783
KR-Jungnang,Qle,CESM_LCZ,0.6940577138353151,0.3459565457662664
KR-Jungnang,Qtau,CNTL,,
KR-Jungnang,Qtau,WRF_LCZ,,
KR-Jungnang,Qtau,LI_LCZ,,
KR-Jungnang,Qtau,CESM_LCZ,,
KR-Ochang,Rn,CNTL,0.9819310646529895,0.9954022413726056
KR-Ochang,Rn,WRF_LCZ,0.9891849073769202,0.9955035277655071
KR-Ochang,Rn,LI_LCZ,0.9918862369053979,0.9955231810712606
KR-Ochang,Rn,CESM_LCZ,0.9916087123492369,0.9955106486967944
KR-Ochang,SWup,CNTL,0.9952753573811259,0.9464145267900255
KR-Ochang,SWup,WRF_LCZ,0.9952551754249434,0.946403158147415
KR-Ochang,SWup,LI_LCZ,0.9952480169946399,0.9463982249145664
KR-Ochang,SWup,CESM_LCZ,0.9952286370890843,0.9463835344535169
KR-Ochang,LWup,CNTL,1.045797967943265,0.9891378099885858
KR-Ochang,LWup,WRF_LCZ,1.0373558690557823,0.9892053549872042
KR-Ochang,LWup,LI_LCZ,1.0343169267682553,0.9891807913926796
KR-Ochang,LWup,CESM_LCZ,1.032439795117553,0.9891513159177736
KR-Ochang,Qh,CNTL,0.7856039770355134,0.8457227245908814
KR-Ochang,Qh,WRF_LCZ,0.7828481422446142,0.8400758251761912
KR-Ochang,Qh,LI_LCZ,0.7810893032530051,0.8385975790040698
KR-Ochang,Qh,CESM_LCZ,0.7841835965022318,0.8398140021657755
KR-Ochang,Qle,CNTL,1.2063164342025954,0.6958163155196665
KR-Ochang,Qle,WRF_LCZ,1.2019833060901903,0.6921165739195959
KR-Ochang,Qle,LI_LCZ,1.200930358999943,0.6917406675360119
KR-Ochang,Qle,CESM_LCZ,1.1967580032375351,0.6888609555921592
KR-Ochang,Qtau,CNTL,,
KR-Ochang,Qtau,WRF_LCZ,,
KR-Ochang,Qtau,LI_LCZ,,
KR-Ochang,Qtau,CESM_LCZ,,
MX-Escandon,Rn,CNTL,,
MX-Escandon,Rn,WRF_LCZ,,
MX-Escandon,Rn,LI_LCZ,,
MX-Escandon,Rn,CESM_LCZ,,
MX-Escandon,SWup,CNTL,1.0908103827881006,0.9833929633850984
MX-Escandon,SWup,WRF_LCZ,1.0908103827881006,0.9833929633850984
MX-Escandon,SWup,LI_LCZ,1.0908103827881006,0.9833929633850984
MX-Escandon,SWup,CESM_LCZ,1.0908103827881006,0.9833929633850984
MX-Escandon,LWup,CNTL,,
MX-Escandon,LWup,WRF_LCZ,,
MX-Escandon,LWup,LI_LCZ,,
MX-Escandon,LWup,CESM_LCZ,,
MX-Escandon,Qh,CNTL,1.3290612227436989,0.8370207709957974
MX-Escandon,Qh,WRF_LCZ,1.010473430296852,0.8031507596029731
MX-Escandon,Qh,LI_LCZ,1.0369689950291239,0.8067999419659486
MX-Escandon,Qh,CESM_LCZ,1.0389266391416851,0.8071174148144985
MX-Escandon,Qle,CNTL,0.8523521537791556,0.28845322142021973
MX-Escandon,Qle,WRF_LCZ,0.7474523458802265,0.2964320007095761
MX-Escandon,Qle,LI_LCZ,0.7525969129653702,0.29670425006077356
MX-Escandon,Qle,CESM_LCZ,0.7527315521038482,0.29671886513209306
MX-Escandon,Qtau,CNTL,0.1354277306189777,0.6975979488126582
MX-Escandon,Qtau,WRF_LCZ,0.1369455584275322,0.7070551154823737
MX-Escandon,Qtau,LI_LCZ,0.13711852959656942,0.7081285567928315
MX-Escandon,Qtau,CESM_LCZ,0.13713241444905785,0.7080863654950597
NL-Amsterdam,Rn,CNTL,0.9524819378716369,0.9991686415997053
NL-Amsterdam,Rn,WRF_LCZ,0.9912108600942351,0.9991348273673654
NL-Amsterdam,Rn,LI_LCZ,0.9978597334625838,0.9990952549996004
NL-Amsterdam,Rn,CESM_LCZ,0.9985206287687571,0.9991450242102357
NL-Amsterdam,SWup,CNTL,0.9399346017560977,0.9856853718174632
NL-Amsterdam,SWup,WRF_LCZ,0.9401294358475489,0.9856692888986655
NL-Amsterdam,SWup,LI_LCZ,0.9401004215095826,0.9856727959312576
NL-Amsterdam,SWup,CESM_LCZ,0.9401894400971844,0.9856589571950253
NL-Amsterdam,LWup,CNTL,1.1932459727852196,0.9789014829134248
NL-Amsterdam,LWup,WRF_LCZ,1.0714100362008017,0.9898438878909833
NL-Amsterdam,LWup,LI_LCZ,1.0555814850881295,0.9897228959138731
NL-Amsterdam,LWup,CESM_LCZ,1.0415809539270553,0.9897780071045323
NL-Amsterdam,Qh,CNTL,0.9815855456462635,0.861062407831983
NL-Amsterdam,Qh,WRF_LCZ,0.857567946684998,0.845804147668044
NL-Amsterdam,Qh,LI_LCZ,0.812662507410674,0.8345950645041125
NL-Amsterdam,Qh,CESM_LCZ,0.7959992291857758,0.8405194614066435
NL-Amsterdam,Qle,CNTL,0.9175413523400885,0.654536115027437
NL-Amsterdam,Qle,WRF_LCZ,0.875790670567347,0.6548805311405773
NL-Amsterdam,Qle,LI_LCZ,0.8667964552223606,0.6538799517226046
NL-Amsterdam,Qle,CESM_LCZ,0.8595263833052166,0.6542372463898682
NL-Amsterdam,Qtau,CNTL,0.3506365947067678,0.7260230947681683
NL-Amsterdam,Qtau,WRF_LCZ,0.3441136795248163,0.7202192398350409
NL-Amsterdam,Qtau,LI_LCZ,0.342079663934041,0.7181064502835255
NL-Amsterdam,Qtau,CESM_LCZ,0.34204160549411683,0.7223143738176634
PL-Lipowa,Rn,CNTL,0.9161276394323391,0.9935374633329489
PL-Lipowa,Rn,WRF_LCZ,0.9522778273961955,0.9929791225428278
PL-Lipowa,Rn,LI_LCZ,0.9566410918719497,0.9931321036590892
PL-Lipowa,Rn,CESM_LCZ,0.9572600997614477,0.9931027021555617
PL-Lipowa,SWup,CNTL,0.970639713498945,0.8581945416195691
PL-Lipowa,SWup,WRF_LCZ,0.9690805500541644,0.8591300818871915
PL-Lipowa,SWup,LI_LCZ,0.9692080052988925,0.8592284397422593
PL-Lipowa,SWup,CESM_LCZ,0.9687190469890657,0.858616005083297
PL-Lipowa,LWup,CNTL,1.0235546347174833,0.9663604849935095
PL-Lipowa,LWup,WRF_LCZ,0.9683371140751386,0.9784213100007769
PL-Lipowa,LWup,LI_LCZ,0.9636643305688473,0.9801073930895559
PL-Lipowa,LWup,CESM_LCZ,0.957955608900062,0.9800418518807449
PL-Lipowa,Qh,CNTL,1.1413323729714122,0.8465823086932537
PL-Lipowa,Qh,WRF_LCZ,1.0218957970586455,0.8223471145953009
PL-Lipowa,Qh,LI_LCZ,0.9951995230916099,0.8142200263354887
PL-Lipowa,Qh,CESM_LCZ,0.9788140754738984,0.8195247773528349
PL-Lipowa,Qle,CNTL,0.7032037114402075,0.5555136486085055
PL-Lipowa,Qle,WRF_LCZ,0.688059349769359,0.5569866822688962
PL-Lipowa,Qle,LI_LCZ,0.6865594853949207,0.556324038239821
PL-Lipowa,Qle,CESM_LCZ,0.682614814180219,0.553608828021327
PL-Lipowa,Qtau,CNTL,,
PL-Lipowa,Qtau,WRF_LCZ,,
PL-Lipowa,Qtau,LI_LCZ,,
PL-Lipowa,Qtau,CESM_LCZ,,
PL-Narutowicza,Rn,CNTL,0.9632660785154317,0.9968408460229805
PL-Narutowicza,Rn,WRF_LCZ,0.9913134387058128,0.9969293216890378
PL-Narutowicza,Rn,LI_LCZ,0.9951956907269802,0.9969448404339519
PL-Narutowicza,Rn,CESM_LCZ,0.9957087450657784,0.9969591992232095
PL-Narutowicza,SWup,CNTL,0.998979621514975,0.9465155320101931
PL-Narutowicza,SWup,WRF_LCZ,0.9969038675550503,0.9463298021031512
PL-Narutowicza,SWup,LI_LCZ,0.9975574292126526,0.9464461142346365
PL-Narutowicza,SWup,CESM_LCZ,0.9950430754793371,0.9448924384760217
PL-Narutowicza,LWup,CNTL,1.0136144301501264,0.9728066731561565
PL-Narutowicza,LWup,WRF_LCZ,0.9704891240033182,0.9757116146424397
PL-Narutowicza,LWup,LI_LCZ,0.9658589076595455,0.9758208407534803
PL-Narutowicza,LWup,CESM_LCZ,0.9604417759943641,0.9758859910397641
PL-Narutowicza,Qh,CNTL,0.964528726733439,0.8555852166383363
PL-Narutowicza,Qh,WRF_LCZ,0.8928568797456611,0.8245062502848726
PL-Narutowicza,Qh,LI_LCZ,0.8696165389026178,0.8077478309656011
PL-Narutowicza,Qh,CESM_LCZ,0.8564499055128537,0.8137527904855414
PL-Narutowicza,Qle,CNTL,0.6810551107885151,0.5310133053192061
PL-Narutowicza,Qle,WRF_LCZ,0.6787166458270889,0.5294605470981214
PL-Narutowicza,Qle,LI_LCZ,0.6775224696638258,0.5291107516950617
PL-Narutowicza,Qle,CESM_LCZ,0.6720347463827078,0.5279979781362005
PL-Narutowicza,Qtau,CNTL,,
PL-Narutowicza,Qtau,WRF_LCZ,,
PL-Narutowicza,Qtau,LI_LCZ,,
PL-Narutowicza,Qtau,CESM_LCZ,,
SG-TelokKurau06,Rn,CNTL,0.8979931086474252,0.9976033379128861
SG-TelokKurau06,Rn,WRF_LCZ,0.9446466892079773,0.9980285685383958
SG-TelokKurau06,Rn,LI_LCZ,0.9422719201822405,0.99798153484871
SG-TelokKurau06,Rn,CESM_LCZ,0.9419854919462289,0.9979795146551281
SG-TelokKurau06,SWup,CNTL,1.067568735102843,0.9932088786548662
SG-TelokKurau06,SWup,WRF_LCZ,1.067568735102843,0.9932088786548662
SG-TelokKurau06,SWup,LI_LCZ,1.067568735102843,0.9932088786548662
SG-TelokKurau06,SWup,CESM_LCZ,1.067568735102843,0.9932088786548662
SG-TelokKurau06,LWup,CNTL,2.0303357596701215,0.9771975105474207
SG-TelokKurau06,LWup,WRF_LCZ,1.6371104103801966,0.9819545769152066
SG-TelokKurau06,LWup,LI_LCZ,1.6607745710949942,0.9822673043986907
SG-TelokKurau06,LWup,CESM_LCZ,1.6629427000208292,0.982269088298352
SG-TelokKurau06,Qh,CNTL,1.0989621994033743,0.9639500419765819
SG-TelokKurau06,Qh,WRF_LCZ,0.9494854395753195,0.9561171591253126
SG-TelokKurau06,Qh,LI_LCZ,0.9625352939772126,0.9572694413487852
SG-TelokKurau06,Qh,CESM_LCZ,0.9643564700018878,0.9573976926226608
SG-TelokKurau06,Qle,CNTL,0.8226941901865498,0.5989538514778423
SG-TelokKurau06,Qle,WRF_LCZ,0.8016972578395606,0.5863991630691683
SG-TelokKurau06,Qle,LI_LCZ,0.8022047807347243,0.5868531631865179
SG-TelokKurau06,Qle,CESM_LCZ,0.8023327086157709,0.5870346884248592
SG-TelokKurau06,Qtau,CNTL,,
SG-TelokKurau06,Qtau,WRF_LCZ,,
SG-TelokKurau06,Qtau,LI_LCZ,,
SG-TelokKurau06,Qtau,CESM_LCZ,,
UK-KingsCollege,Rn,CNTL,0.9364626613142295,0.9994349190125686
UK-KingsCollege,Rn,WRF_LCZ,0.988246218520825,0.9992292717534914
UK-KingsCollege,Rn,LI_LCZ,0.9952804080424861,0.9991684196726889
UK-KingsCollege,Rn,CESM_LCZ,0.9967590429582859,0.999272853888038
UK-KingsCollege,SWup,CNTL,0.9577577831001998,0.9856639288585359
UK-KingsCollege,SWup,WRF_LCZ,0.9577577831001998,0.9856639288585359
UK-KingsCollege,SWup,LI_LCZ,0.9577577831001998,0.9856639288585359
UK-KingsCollege,SWup,CESM_LCZ,0.9577577831001998,0.9856639288585359
UK-KingsCollege,LWup,CNTL,1.1660673381533506,0.9801189284109161
UK-KingsCollege,LWup,WRF_LCZ,1.0544994427587298,0.9926904177658572
UK-KingsCollege,LWup,LI_LCZ,1.0422070838113286,0.9917974098804879
UK-KingsCollege,LWup,CESM_LCZ,1.0204653922551354,0.9927335731844334
UK-KingsCollege,Qh,CNTL,1.1718453058739577,0.8043495717798542
UK-KingsCollege,Qh,WRF_LCZ,0.8928339695539422,0.7630741606943346
UK-KingsCollege,Qh,LI_LCZ,0.8474869904179155,0.7427561206672709
UK-KingsCollege,Qh,CESM_LCZ,0.8196708923507677,0.7604959335141471
UK-KingsCollege,Qle,CNTL,0.9383391318437412,0.4259905625181153
UK-KingsCollege,Qle,WRF_LCZ,0.8863162455551918,0.43051927257379313
UK-KingsCollege,Qle,LI_LCZ,0.8769798375655078,0.4302687218281693
UK-KingsCollege,Qle,CESM_LCZ,0.8697114727946347,0.42544282520267546
UK-KingsCollege,Qtau,CNTL,0.849043372002799,0.751005969737589
UK-KingsCollege,Qtau,WRF_LCZ,0.8122723372273747,0.7397124206589143
UK-KingsCollege,Qtau,LI_LCZ,0.8053485755633405,0.7382303327349441
UK-KingsCollege,Qtau,CESM_LCZ,0.7971357481098853,0.7516947553792147
UK-Swindon,Rn,CNTL,0.945140133349895,0.9989381895300958
UK-Swindon,Rn,WRF_LCZ,0.9671947952736677,0.9990250172621818
UK-Swindon,Rn,LI_LCZ,0.9671620495146158,0.9990487174041526
UK-Swindon,Rn,CESM_LCZ,0.9671946191709002,0.9990786240248555
UK-Swindon,SWup,CNTL,0.9817846707472976,0.9883674796855391
UK-Swindon,SWup,WRF_LCZ,0.9817849373831371,0.9883678206910059
UK-Swindon,SWup,LI_LCZ,0.98178482458489,0.988367782613199
UK-Swindon,SWup,CESM_LCZ,0.9817848809248951,0.9883678252170267
UK-Swindon,LWup,CNTL,1.2474524364183006,0.9836466204870038
UK-Swindon,LWup,WRF_LCZ,1.1892816985584371,0.9888431669250406
UK-Swindon,LWup,LI_LCZ,1.1881572620931342,0.9890559629993576
UK-Swindon,LWup,CESM_LCZ,1.184324181608876,0.9890840900677248
UK-Swindon,Qh,CNTL,0.9126950704778014,0.9353032311082741
UK-Swindon,Qh,WRF_LCZ,0.7987586885021664,0.9103419602850604
UK-Swindon,Qh,LI_LCZ,0.8055404153924416,0.9115649546462673
UK-Swindon,Qh,CESM_LCZ,0.8043640579506328,0.9142115490539409
UK-Swindon,Qle,CNTL,1.0555139887148761,0.8096105920363863
UK-Swindon,Qle,WRF_LCZ,1.0349433423716505,0.8059455112178868
UK-Swindon,Qle,LI_LCZ,1.0351818436359665,0.80589561384721
UK-Swindon,Qle,CESM_LCZ,1.0305893511245972,0.8050877317119514
UK-Swindon,Qtau,CNTL,0.31704511932804885,0.7399532073157425
UK-Swindon,Qtau,WRF_LCZ,0.3088198791922798,0.7309099874193655
UK-Swindon,Qtau,LI_LCZ,0.3090301775808953,0.7310741649555945
UK-Swindon,Qtau,CESM_LCZ,0.30958101610731065,0.7339234761610486
US-Baltimore,Rn,CNTL,0.9110520086017704,0.9954494535452003
US-Baltimore,Rn,WRF_LCZ,0.9227970461710276,0.9955879104193573
US-Baltimore,Rn,LI_LCZ,0.9219288583610578,0.9955825057038852
US-Baltimore,Rn,CESM_LCZ,0.9219143238755954,0.9956131700900093
US-Baltimore,SWup,CNTL,1.155704719109383,0.9364268804064506
US-Baltimore,SWup,WRF_LCZ,1.1531040496066391,0.9376925958362253
US-Baltimore,SWup,LI_LCZ,1.153288360826535,0.9378103109940141
US-Baltimore,SWup,CESM_LCZ,1.1518041835927555,0.9380804314115004
US-Baltimore,LWup,CNTL,1.2478532583160016,0.966163679704361
US-Baltimore,LWup,WRF_LCZ,1.2243793895245247,0.9720766712368275
US-Baltimore,LWup,LI_LCZ,1.2254145968150403,0.9716944874998366
US-Baltimore,LWup,CESM_LCZ,1.2236991297978497,0.9715536460575415
US-Baltimore,Qh,CNTL,0.7800644705604663,0.7721252319416025
US-Baltimore,Qh,WRF_LCZ,0.7457288455295026,0.7523174555933807
US-Baltimore,Qh,LI_LCZ,0.753215886584144,0.7553887486136047
US-Baltimore,Qh,CESM_LCZ,0.7529365669261947,0.7572807288110796
US-Baltimore,Qle,CNTL,1.0048514765311596,0.666732622426246
US-Baltimore,Qle,WRF_LCZ,0.9973829843733152,0.6637986935316045
US-Baltimore,Qle,LI_LCZ,0.9983003223986509,0.663926680904656
US-Baltimore,Qle,CESM_LCZ,0.997290646948062,0.6636136710016236
US-Baltimore,Qtau,CNTL,0.3541303159578678,0.8659312462050833
US-Baltimore,Qtau,WRF_LCZ,0.3526749504961294,0.8622068106179634
US-Baltimore,Qtau,LI_LCZ,0.3528724724553907,0.8628942573690643
US-Baltimore,Qtau,CESM_LCZ,0.35337395392519466,0.862998451911585
US-Minneapolis1,Rn,CNTL,0.9792400621790853,0.9762017294131632
US-Minneapolis1,Rn,WRF_LCZ,0.9887544549671958,0.9761175966680086
US-Minneapolis1,Rn,LI_LCZ,0.9879199922154187,0.9760118797184993
US-Minneapolis1,Rn,CESM_LCZ,0.9876659118846375,0.9754020127121471
US-Minneapolis1,SWup,CNTL,0.76894380614983,0.909517237807962
US-Minneapolis1,SWup,WRF_LCZ,0.7659888062687705,0.9089556961477887
US-Minneapolis1,SWup,LI_LCZ,0.7652587547333993,0.9084301959913877
US-Minneapolis1,SWup,CESM_LCZ,0.7562593316480545,0.9067213253579285
US-Minneapolis1,LWup,CNTL,0.9767759090241255,0.9893183667603689
US-Minneapolis1,LWup,WRF_LCZ,0.9689872779425983,0.9880516574193878
US-Minneapolis1,LWup,LI_LCZ,0.9687716698656222,0.9882856447554301
US-Minneapolis1,LWup,CESM_LCZ,0.9677993209519323,0.9883899155945863
US-Minneapolis1,Qh,CNTL,0.616068174998743,0.862536843104765
US-Minneapolis1,Qh,WRF_LCZ,0.6043450638552752,0.8554986852739993
US-Minneapolis1,Qh,LI_LCZ,0.6094727417170811,0.8578759520361489
US-Minneapolis1,Qh,CESM_LCZ,0.612245827645341,0.8607409318627073
US-Minneapolis1,Qle,CNTL,1.419280046239891,0.8393022225938147
US-Minneapolis1,Qle,WRF_LCZ,1.3932105107736399,0.8370524230601976
US-Minneapolis1,Qle,LI_LCZ,1.3947532300926164,0.8370928363561512
US-Minneapolis1,Qle,CESM_LCZ,1.3886957245469105,0.8364721229543597
US-Minneapolis1,Qtau,CNTL,0.3501689974339154,0.8781515928877586
US-Minneapolis1,Qtau,WRF_LCZ,0.34955462093365913,0.878212271398207
US-Minneapolis1,Qtau,LI_LCZ,0.34977644657750834,0.878447002105833
US-Minneapolis1,Qtau,CESM_LCZ,0.3507248049102823,0.8782816319022119
US-Minneapolis2,Rn,CNTL,1.0256182961122429,0.9803060212447009
US-Minneapolis2,Rn,WRF_LCZ,1.0274200945724261,0.9797094844619291
US-Minneapolis2,Rn,LI_LCZ,1.0276589211549192,0.9796908678890183
US-Minneapolis2,Rn,CESM_LCZ,1.0275994430730209,0.9796791877346132
US-Minneapolis2,SWup,CNTL,0.7615059066709327,0.8920323757846669
US-Minneapolis2,SWup,WRF_LCZ,0.7611734071812416,0.8909231478951202
US-Minneapolis2,SWup,LI_LCZ,0.761172752410546,0.8908783244785022
US-Minneapolis2,SWup,CESM_LCZ,0.7611146671230186,0.8908156813302486
US-Minneapolis2,LWup,CNTL,0.8997087346171925,0.9828814404282686
US-Minneapolis2,LWup,WRF_LCZ,0.9056055331405144,0.9825425405017115
US-Minneapolis2,LWup,LI_LCZ,0.9055103499496122,0.9824608952062751
US-Minneapolis2,LWup,CESM_LCZ,0.9055732926875237,0.9824804438768756
US-Minneapolis2,Qh,CNTL,0.6900689353276434,0.6217195770888972
US-Minneapolis2,Qh,WRF_LCZ,0.6987100440380486,0.646673343377354
US-Minneapolis2,Qh,LI_LCZ,0.6983288086201915,0.6471945727137074
US-Minneapolis2,Qh,CESM_LCZ,0.6987521792007622,0.6477894934956293
US-Minneapolis2,Qle,CNTL,1.520471834987068,0.8905029393599005
US-Minneapolis2,Qle,WRF_LCZ,1.4956076545428518,0.887108149967967
US-Minneapolis2,Qle,LI_LCZ,1.4942948215609118,0.8869769443333599
US-Minneapolis2,Qle,CESM_LCZ,1.4931749596221153,0.8869034938745397
US-Minneapolis2,Qtau,CNTL,0.3633297703619455,0.8211738358667092
US-Minneapolis2,Qtau,WRF_LCZ,0.36898056679749364,0.827356778234672
US-Minneapolis2,Qtau,LI_LCZ,0.3691143740018414,0.8275676727780862
US-Minneapolis2,Qtau,CESM_LCZ,0.36932111301757964,0.8274969653755694
US-WestPhoenix,Rn,CNTL,0.9757634160417106,0.9988780249917104
US-WestPhoenix,Rn,WRF_LCZ,0.9949387096268423,0.9985908967221003
US-WestPhoenix,Rn,LI_LCZ,0.9921338906452004,0.9986041668697733
US-WestPhoenix,Rn,CESM_LCZ,0.991997703734856,0.998608531862611
US-WestPhoenix,SWup,CNTL,0.9897724512966987,0.9958408399258155
US-WestPhoenix,SWup,WRF_LCZ,0.9897724512966987,0.9958408399258155
US-WestPhoenix,SWup,LI_LCZ,0.9897724512966987,0.9958408399258155
US-WestPhoenix,SWup,CESM_LCZ,0.9897724512966987,0.9958408399258155
US-WestPhoenix,LWup,CNTL,1.0509911522125956,0.9958000101723482
US-WestPhoenix,LWup,WRF_LCZ,1.0039714914913145,0.9943545567842776
US-WestPhoenix,LWup,LI_LCZ,1.0079918271611075,0.994652622607724
US-WestPhoenix,LWup,CESM_LCZ,1.0076501188743006,0.9946915253915388
US-WestPhoenix,Qh,CNTL,1.0415668727098741,0.939675565253341
US-WestPhoenix,Qh,WRF_LCZ,0.9865302344399928,0.9310725994158905
US-WestPhoenix,Qh,LI_LCZ,0.9969564231475989,0.9326959057458012
US-WestPhoenix,Qh,CESM_LCZ,0.9972830210002285,0.933200946688048
US-WestPhoenix,Qle,CNTL,0.6322762723716252,0.33418395545356616
US-WestPhoenix,Qle,WRF_LCZ,0.6371853117612305,0.3325685633719896
US-WestPhoenix,Qle,LI_LCZ,0.6356641228164622,0.3327844394510967
US-WestPhoenix,Qle,CESM_LCZ,0.6355488506660323,0.33278180639809607
US-WestPhoenix,Qtau,CNTL,0.7148454245440374,0.8371439111714223
US-WestPhoenix,Qtau,WRF_LCZ,0.7107978630791667,0.8339201060829478
US-WestPhoenix,Qtau,LI_LCZ,0.711043114138384,0.834700953011346
US-WestPhoenix,Qtau,CESM_LCZ,0.7108190732928208,0.8347507284091641
