var_type,site,site_i,model,var,r,rmse,mbe,std_ratio
radiation,AU-Preston,1,Slab,SWup,0.9902837449121805,29.42268300242513,18.881478174161387,1.450289863563917
radiation,AU-Preston,1,Slab,LWup,0.9750562793143989,13.814006984856958,3.65310069782502,1.201530111367771
radiation,AU-Preston,1,Slab,Rnet,0.9970081442269757,33.65623626697803,-14.339935192821832,0.8829767052055382
radiation,AU-Preston,1,Urb,SWup,0.996837679302902,3.810555254891724,0.13069083636068407,1.0130673509060606
radiation,AU-Preston,1,Urb,LWup,0.9838931246140822,21.802926836554203,16.731459518772915,1.2645494781633397
radiation,AU-Preston,1,Urb,Rnet,0.999097932790228,22.72150275516143,-16.811338340452536,0.9445139663129891
radiation,AU-Preston,1,Urb_Veg,SWup,0.9968270515118631,3.774142877600319,0.23261926070628625,1.0068348167167227
radiation,AU-Preston,1,Urb_Veg,LWup,0.9930848617545519,6.380378287527989,-3.965804756023996,1.0123555423032016
radiation,AU-Preston,1,Urb_Veg,Rnet,0.9995817041712158,7.621308157770494,3.8306974805168403,0.9923575198920351
radiation,AU-Preston,1,CLM5U,SWup,0.9967016400213417,3.8840399020646053,-0.1918680352200344,1.012184097189045
radiation,AU-Preston,1,CLM5U,LWup,0.9870354665998001,16.456971520617422,12.99115696791267,1.166078531462493
radiation,AU-Preston,1,CLM5U,Rnet,0.9992006387003423,17.22411596406643,-12.882500312371628,0.9663756771244161
radiation,AU-SurreyHills,2,Slab,SWup,0.9850533004887482,13.735396820050473,5.749189253118566,1.2561309682314337
radiation,AU-SurreyHills,2,Slab,LWup,0.9760906132714766,13.372798335458278,8.152567384967245,1.2137549925462074
radiation,AU-SurreyHills,2,Slab,Rnet,0.9963956246142385,21.561231004433306,-11.143347302639146,0.9018235847493647
radiation,AU-SurreyHills,2,Urb,SWup,0.9956992140501292,3.7409881835536165,-0.8340880877850738,0.980432543856656
radiation,AU-SurreyHills,2,Urb,LWup,0.9877589536496868,18.742100961497236,17.209508789917017,1.1506463548748629
radiation,AU-SurreyHills,2,Urb,Rnet,0.999154332261018,18.627507602031137,-16.878219331334854,0.9637773192204896
radiation,AU-SurreyHills,2,Urb_Veg,SWup,0.9960742381116311,3.552812508245807,-0.6462143969452833,0.9801196636214664
radiation,AU-SurreyHills,2,Urb_Veg,LWup,0.9931607416482331,4.467164833194839,0.7798502034475255,0.9281321406773081
radiation,AU-SurreyHills,2,Urb_Veg,Rnet,0.9994217947630465,5.24204599150884,-0.4428053617297173,1.0110976008644836
radiation,AU-SurreyHills,2,CLM5U,SWup,0.995680495880045,3.6421487517715754,-0.41554082719160107,0.9880780772294673
radiation,AU-SurreyHills,2,CLM5U,LWup,0.9898033129270869,18.023707568295112,17.13343619454185,1.0825619015287857
radiation,AU-SurreyHills,2,CLM5U,Rnet,0.9992229036768716,18.12442500702953,-16.95030733005576,0.9793080521270296
radiation,CA-Sunset,3,Slab,SWup,0.9386963874652846,13.7350136796543,0.8863395488222406,1.283654293435531
radiation,CA-Sunset,3,Slab,LWup,0.9545495426075804,18.228576048666802,-0.42934731549016325,1.272978331531252
radiation,CA-Sunset,3,Slab,Rnet,0.9942189517425385,25.968952915347803,-0.47074410574557285,0.9033620844633681
radiation,CA-Sunset,3,Urb,SWup,0.97810020421827,6.07994542178413,-0.30050772977866125,1.0361162913394157
radiation,CA-Sunset,3,Urb,LWup,0.9593459757809164,20.032595556068593,6.541205098150284,1.3139037343685729
radiation,CA-Sunset,3,Urb,Rnet,0.9981564758700516,21.270170747836573,-6.504194529047643,0.9067707013387099
radiation,CA-Sunset,3,Urb_Veg,SWup,0.977649802098775,6.570031731271481,-2.693124236748117,0.9420724294031053
radiation,CA-Sunset,3,Urb_Veg,LWup,0.9661351551976934,14.854336017713356,2.054154291293014,1.2057053354079599
radiation,CA-Sunset,3,Urb_Veg,Rnet,0.9982889608722122,14.348707148152315,-0.5968328132329161,0.9471794063020539
radiation,CA-Sunset,3,CLM5U,SWup,0.9780482696097027,6.210657545225215,-2.050990503341147,0.9687822998425535
radiation,CA-Sunset,3,CLM5U,LWup,0.9637204454012914,16.062109462791295,3.1422217707752016,1.229968989210966
radiation,CA-Sunset,3,CLM5U,Rnet,0.998237032701814,15.930385092603029,-2.0690330430131976,0.9366044060053726
radiation,FI-Kumpula,4,Slab,SWup,0.9573292180363799,21.106887285365286,3.804395404602818,1.3127525005583964
radiation,FI-Kumpula,4,Slab,LWup,0.9816068860388227,13.73864838158238,-2.83937446937544,1.1505345794857638
radiation,FI-Kumpula,4,Slab,Rnet,0.9902557220754142,23.182246049016747,-0.04774373043618098,0.9277344324632003
radiation,FI-Kumpula,4,Urb,SWup,0.9803498543628464,9.15712634921515,-1.9348361386616804,0.971009304744042
radiation,FI-Kumpula,4,Urb,LWup,0.9934452122078113,8.413524855132477,2.6703722540317822,1.0925785558470895
radiation,FI-Kumpula,4,Urb,Rnet,0.9981897059333259,10.721025818473224,-1.6087351848124498,0.9627730569960035
radiation,FI-Kumpula,4,Urb_Veg,SWup,0.9479414466793636,16.490301899107827,-5.499016394649147,0.8204240865310073
radiation,FI-Kumpula,4,Urb_Veg,LWup,0.9968772515354082,9.34027700212754,-7.504377595606702,0.9269741436279055
radiation,FI-Kumpula,4,Urb_Veg,Rnet,0.9970344598057902,16.66757186858079,11.114593437490006,1.024730794350937
radiation,FI-Kumpula,4,CLM5U,SWup,0.9332544852798685,16.784641101232022,-3.206961979291719,0.877443781286171
radiation,FI-Kumpula,4,CLM5U,LWup,0.9931958625166463,6.652564995384184,2.256693311890481,1.016071953862792
radiation,FI-Kumpula,4,CLM5U,Rnet,0.996041483076793,13.520617572217406,-0.056325578288916114,0.991032343586496
radiation,FI-Torni,5,Slab,SWup,0.7923717979676994,48.84419202184798,22.005781858966632,2.2415396394727334
radiation,FI-Torni,5,Slab,LWup,0.977868044047875,15.644785108862536,-5.243713008397069,1.196038896586928
radiation,FI-Torni,5,Slab,Rnet,0.9789651569939894,35.33915745340561,-4.589812254482674,0.8725983169011967
radiation,FI-Torni,5,Urb,SWup,0.9771858934408938,6.1980167243573545,1.4080560865946352,1.0247288082705601
radiation,FI-Torni,5,Urb,LWup,0.9912998170156732,9.807639653499026,4.637918290248647,1.1099705366634427
radiation,FI-Torni,5,Urb,Rnet,0.9986861421760292,10.562440330914676,-5.490159035988861,0.9689387689970785
radiation,FI-Torni,5,Urb_Veg,SWup,0.986033988094306,4.657369752051975,0.5849346587702756,0.9904878579172175
radiation,FI-Torni,5,Urb_Veg,LWup,0.9926174649261333,15.941035995222677,-14.648258333177964,0.9487922649400048
radiation,FI-Torni,5,Urb_Veg,Rnet,0.9991004626745807,15.09204296055427,13.632830754046218,1.002116933899963
radiation,FI-Torni,5,CLM5U,SWup,0.9825554562367959,5.473038627517016,-1.2906472714759893,0.9357116860137417
radiation,FI-Torni,5,CLM5U,LWup,0.9925087213256027,7.967646623184176,4.665698190492747,1.0436615310561643
radiation,FI-Torni,5,CLM5U,Rnet,0.9989744464936561,8.325517958491869,-4.4733897001114205,0.9902705408929429
radiation,FR-Capitole,6,Slab,SWup,0.9857091877386961,18.997927049382753,9.74903376065802,1.441801321571526
radiation,FR-Capitole,6,Slab,LWup,0.9831702018041872,14.324288773050307,-10.31125942063426,1.0345922815428132
radiation,FR-Capitole,6,Slab,Rnet,0.9974630514760188,18.037464758239903,4.782792051000805,0.9359243496208922
radiation,FR-Capitole,6,Urb,SWup,0.9906375961820804,5.7885581263358015,-3.50342204414096,1.0061923063457636
radiation,FR-Capitole,6,Urb,LWup,0.9964863568232877,6.801611435667479,3.4408937267703696,1.07082816911105
radiation,FR-Capitole,6,Urb,Rnet,0.9993520724857997,6.940354752163823,-1.5496224492480373,0.9926942589604024
radiation,FR-Capitole,6,Urb_Veg,SWup,0.9908449992646956,5.721440855092199,-3.472259561289399,1.003467499601798
radiation,FR-Capitole,6,Urb_Veg,LWup,0.9969921440454258,10.873083735505372,-10.076761835758361,0.9885255059690791
radiation,FR-Capitole,6,Urb_Veg,Rnet,0.999521140689056,13.393647373142693,11.968461821872255,1.0095521425448435
radiation,FR-Capitole,6,CLM5U,SWup,0.990922880093861,5.226146052810823,-1.767577199912327,1.0495271549807887
radiation,FR-Capitole,6,CLM5U,LWup,0.9950900997949317,8.680858032123126,4.919414509705965,1.0891588579210625
radiation,FR-Capitole,6,CLM5U,Rnet,0.9991957320928232,8.813894728848314,-3.9881801483270727,0.985034032812706
radiation,GR-HECKOR,7,Slab,SWup,0.9871268735065634,19.944410045430118,-16.37305829583912,0.9005792082926597
radiation,GR-HECKOR,7,Slab,LWup,0.9619353817637779,28.875774899267842,14.762961635978742,1.4663378936253415
radiation,GR-HECKOR,7,Slab,Rnet,0.9972768092043977,21.827883441771686,-5.902078451319023,0.9441771649237998
radiation,GR-HECKOR,7,Urb,SWup,0.9935721897776709,8.43768192974055,-2.3549418125779167,1.0562185738801866
radiation,GR-HECKOR,7,Urb,LWup,0.9685576250444409,33.90045352547956,24.33666646243644,1.4540806276354452
radiation,GR-HECKOR,7,Urb,Rnet,0.9983276210316645,35.132568392387746,-23.29996574038297,0.9004107654257802
radiation,GR-HECKOR,7,Urb_Veg,SWup,0.9936052529581771,8.377340906250078,-2.3698161768937056,1.0545449318265445
radiation,GR-HECKOR,7,Urb_Veg,LWup,0.974305655784592,25.248500974869298,16.864443144293936,1.3457174838480255
radiation,GR-HECKOR,7,Urb_Veg,Rnet,0.9988072095264435,26.69749597378953,-15.776617565867243,0.919496804519914
radiation,GR-HECKOR,7,CLM5U,SWup,0.9935046916917126,8.409762695400932,-2.4085356662191524,1.053549767069929
radiation,GR-HECKOR,7,CLM5U,LWup,0.974923928236382,30.126853174598764,21.193980643324796,1.4170114754299876
radiation,GR-HECKOR,7,CLM5U,Rnet,0.9981476807926992,31.386753411195073,-20.041493239276843,0.9132404012673705
radiation,JP-Yoyogi,8,Slab,SWup,0.7926629554830448,27.784289428883064,-1.0489874415900562,1.3479808344359754
radiation,JP-Yoyogi,8,Slab,LWup,0.9564001152449096,19.085941634901737,-6.625098070377544,1.1543863576292963
radiation,JP-Yoyogi,8,Slab,Rnet,0.9900796014407501,28.822937194867517,7.124039241338036,0.9558403715953433
radiation,JP-Yoyogi,8,Urb,SWup,0.9421006485658656,12.401069375040672,-0.0698040818825351,1.0944844199176211
radiation,JP-Yoyogi,8,Urb,LWup,0.9840002333351937,16.80205462892017,10.747834348641817,1.165854062296703
radiation,JP-Yoyogi,8,Urb,Rnet,0.9976891298311563,19.94299027062231,-10.79797502577936,0.9436376773525692
radiation,JP-Yoyogi,8,Urb_Veg,SWup,0.947990506602227,11.680569348046392,-0.08120339704843484,1.0859928791557922
radiation,JP-Yoyogi,8,Urb_Veg,LWup,0.9862649400968979,10.995393673877988,2.537662048471242,1.1173995741789529
radiation,JP-Yoyogi,8,Urb_Veg,Rnet,0.9980539395688912,14.958974821715083,-2.565248953212758,0.9540621213063216
radiation,JP-Yoyogi,8,CLM5U,SWup,0.9701970544373996,8.534492903418377,-0.5717438868396915,1.0426658854904685
radiation,JP-Yoyogi,8,CLM5U,LWup,0.9844353822843158,14.833430127667409,8.322940795269052,1.150855304985662
radiation,JP-Yoyogi,8,CLM5U,Rnet,0.9980799132209252,17.853018377905357,-8.067894816063745,0.9436360398140684
radiation,KR-Jungnang,9,Slab,SWup,0.934846932186896,29.953715895460725,22.59909959857058,1.4168154568278881
radiation,KR-Jungnang,9,Slab,LWup,0.9815993622611079,14.963459069021233,-7.433519681275776,1.0116659413398557
radiation,KR-Jungnang,9,Slab,Rnet,0.9933733135866427,25.954689269458182,-3.1634966958063897,0.9296487914269443
radiation,KR-Jungnang,9,Urb,SWup,0.9826074331762524,7.112295764597601,-0.9252525567078045,0.8747925196094123
radiation,KR-Jungnang,9,Urb,LWup,0.9936815697572416,13.360781233166538,9.192665020425684,1.0844091010268269
radiation,KR-Jungnang,9,Urb,Rnet,0.9992630398134043,12.292968150489434,-9.137889161088491,0.9823444386299865
radiation,KR-Jungnang,9,Urb_Veg,SWup,0.9826079668524805,7.082879842365658,-0.858487440561118,0.8760792336971621
radiation,KR-Jungnang,9,Urb_Veg,LWup,0.9936864241038754,13.352095988152678,9.185945584460313,1.084334586042717
radiation,KR-Jungnang,9,Urb_Veg,Rnet,0.9992629100322138,12.321186251569294,-9.162115865046403,0.9821597739513168
radiation,KR-Jungnang,9,CLM5U,SWup,0.9824690118346278,6.709683428052661,1.862584256227755,0.9210713761618139
radiation,KR-Jungnang,9,CLM5U,LWup,0.992151826934613,14.76261965264493,10.198675855883172,1.090158578691615
radiation,KR-Jungnang,9,CLM5U,Rnet,0.998942056500275,14.977202441990793,-11.390173751190268,0.9803258721900753
radiation,KR-Ochang,10,Slab,SWup,0.9412073996076081,18.45902241505056,-6.3851994090106245,0.8207283673380904
radiation,KR-Ochang,10,Slab,LWup,0.9887667108367802,9.852337931910222,1.5281058982094722,1.0248545226962416
radiation,KR-Ochang,10,Slab,Rnet,0.9969325541170773,15.541164761828774,2.023785031764618,1.019832073779322
radiation,KR-Ochang,10,Urb,SWup,0.9503317105074104,15.050389707969876,-0.24442870575648998,0.9345727306085176
radiation,KR-Ochang,10,Urb,LWup,0.9897502215195767,17.194208908885674,13.620087129557282,1.0739628129130707
radiation,KR-Ochang,10,Urb,Rnet,0.9971994554155462,19.718792567710008,-13.545412273014769,0.9846232749461047
radiation,KR-Ochang,10,Urb_Veg,SWup,0.9464521381417801,15.601142634939459,0.6002783309405411,0.9457154748403941
radiation,KR-Ochang,10,Urb_Veg,LWup,0.9910334374009571,8.849283129485164,1.8539353905116431,0.9621658096316266
radiation,KR-Ochang,10,Urb_Veg,Rnet,0.9976338731347204,13.797419273885923,-2.1368748216711415,1.0194788369199985
radiation,KR-Ochang,10,CLM5U,SWup,0.9463835344535171,16.68501965988901,5.428612365162628,0.9952286370890842
radiation,KR-Ochang,10,CLM5U,LWup,0.9891513159177736,13.080768384531407,8.782430928122041,1.032439795117553
radiation,KR-Ochang,10,CLM5U,Rnet,0.9970426613305613,18.8903625207316,-11.861863899337747,0.984894480892615
radiation,MX-Escandon,11,Slab,SWup,0.9755649599911446,38.18291192784829,25.601874101316625,1.872464482238921
radiation,MX-Escandon,11,Slab,LWup,,,,
radiation,MX-Escandon,11,Slab,Rnet,,,,
radiation,MX-Escandon,11,Urb,SWup,0.9823941502044623,7.342510332678181,-4.398222649442979,1.025170291137532
radiation,MX-Escandon,11,Urb,LWup,,,,
radiation,MX-Escandon,11,Urb,Rnet,,,,
radiation,MX-Escandon,11,Urb_Veg,SWup,0.983429431884992,7.113246536274109,-4.2256586801546066,1.0273007030593
radiation,MX-Escandon,11,Urb_Veg,LWup,,,,
radiation,MX-Escandon,11,Urb_Veg,Rnet,,,,
radiation,MX-Escandon,11,CLM5U,SWup,0.9833929633850986,6.651998057440293,-1.5476329778824902,1.0908103827881006
radiation,MX-Escandon,11,CLM5U,LWup,,,,
radiation,MX-Escandon,11,CLM5U,Rnet,,,,
radiation,NL-Amsterdam,12,Slab,SWup,0.9619044100558707,33.261055128694544,21.816818192952624,1.9310009555800003
radiation,NL-Amsterdam,12,Slab,LWup,0.9730383526394609,12.40655589312574,-6.704371394231661,1.1127457686862092
radiation,NL-Amsterdam,12,Slab,Rnet,0.9959863199978212,29.231136325788064,-5.980203336248636,0.8719953535377124
radiation,NL-Amsterdam,12,Urb,SWup,0.9854145256194901,4.744173690986578,-1.3782022437763213,0.9206864995286062
radiation,NL-Amsterdam,12,Urb,LWup,0.9892702497245294,7.616025201751373,4.302147229773471,1.0600480277060902
radiation,NL-Amsterdam,12,Urb,Rnet,0.999303515516314,7.840384252054164,-3.546522640786716,0.9972777291069385
radiation,NL-Amsterdam,12,Urb_Veg,SWup,0.9858502654526805,4.626771437892843,-1.2136367589748862,0.9228811526432475
radiation,NL-Amsterdam,12,Urb_Veg,LWup,0.9912035828797285,19.664840804510995,-18.820700292212923,0.926689228257408
radiation,NL-Amsterdam,12,Urb_Veg,Rnet,0.9994246553951346,20.85205709666845,19.599217443158715,1.016664635137741
radiation,NL-Amsterdam,12,CLM5U,SWup,0.9856589571950252,4.454203686567166,-0.9210366040961088,0.9401894400971842
radiation,NL-Amsterdam,12,CLM5U,LWup,0.989778007104532,6.315430996016829,2.3191032704861705,1.041580953927055
radiation,NL-Amsterdam,12,CLM5U,Rnet,0.9993467531593395,7.050579828453585,-1.81179053114501,0.9948748663403911
radiation,PL-Lipowa,13,Slab,SWup,0.8592279087626696,55.45253802664417,33.903094026263005,2.94757838271492
radiation,PL-Lipowa,13,Slab,LWup,0.9726412149373435,28.977331082904854,-25.478096557015427,0.9643045140380483
radiation,PL-Lipowa,13,Slab,Rnet,0.9912646125027323,44.92182367052772,5.785963798784022,0.762706861157218
radiation,PL-Lipowa,13,Urb,SWup,0.8575994294311294,11.30743436235135,-1.339426332097411,1.0528784295017957
radiation,PL-Lipowa,13,Urb,LWup,0.983825332941166,20.925122771671788,-18.01578253755742,0.9902100854131224
radiation,PL-Lipowa,13,Urb,Rnet,0.9962736388879714,25.06208932354628,18.59953048236362,0.946655398927755
radiation,PL-Lipowa,13,Urb_Veg,SWup,0.8585229535059206,11.035507381969481,-2.2466110255246843,0.9901355303221012
radiation,PL-Lipowa,13,Urb_Veg,LWup,0.9876783536516571,32.562309426575425,-30.75179188026204,0.8981422384917823
radiation,PL-Lipowa,13,Urb_Veg,Rnet,0.9955345763838442,35.790581596399925,31.91210564172093,0.9781341000284512
radiation,PL-Lipowa,13,CLM5U,SWup,0.8586160050832968,11.041933222336699,-2.7241994802928877,0.9687190469890657
radiation,PL-Lipowa,13,CLM5U,LWup,0.9800418518807448,22.989246896336702,-19.683342866521333,0.957955608900062
radiation,PL-Lipowa,13,CLM5U,Rnet,0.9949489175098318,27.546922511977836,21.082638002573606,0.9640716126528578
radiation,PL-Narutowicza,14,Slab,SWup,0.942701047874605,57.285594420480145,38.767715086557146,2.859668674945691
radiation,PL-Narutowicza,14,Slab,LWup,0.9697030238631017,16.329069027420058,-7.647416828610912,1.0138208022556447
radiation,PL-Narutowicza,14,Slab,Rnet,0.9905288697087615,44.90570058875027,-13.609238530020042,0.7790362443965715
radiation,PL-Narutowicza,14,Urb,SWup,0.9517550129373835,7.236691823703555,-0.010285103321037896,1.083320644191545
radiation,PL-Narutowicza,14,Urb,LWup,0.9767975349690446,12.534300278283752,0.6529854294940939,0.9995505787830535
radiation,PL-Narutowicza,14,Urb,Rnet,0.996729533721562,14.0121397658242,-0.6473565839154684,0.9802374426942396
radiation,PL-Narutowicza,14,Urb_Veg,SWup,0.9560420059888515,6.658102208804683,-1.9104708763355769,0.9806815135078969
radiation,PL-Narutowicza,14,Urb_Veg,LWup,0.9761172963518173,19.51123295607747,-14.095006220951642,0.8943251933457931
radiation,PL-Narutowicza,14,Urb_Veg,Rnet,0.996769541985326,20.82750409602002,15.275739174978977,1.0193202250740712
radiation,PL-Narutowicza,14,CLM5U,SWup,0.9448924384760214,7.3484456690829285,-1.5702286683744475,0.9950430754793371
radiation,PL-Narutowicza,14,CLM5U,LWup,0.9758859910397643,12.723510331968606,-0.36087372142184193,0.960441775994364
radiation,PL-Narutowicza,14,CLM5U,Rnet,0.9968026449217666,13.620774027308995,1.2759337557626675,0.9972189990805481
radiation,SG-TelokKurau06,15,Slab,SWup,0.9699481573994289,16.473761496793866,5.080301212843006,1.2078740500625746
radiation,SG-TelokKurau06,15,Slab,LWup,0.9053633869081488,16.983794901207215,-9.795881957776734,1.3639197390901325
radiation,SG-TelokKurau06,15,Slab,Rnet,0.9956620156787988,23.22400614577638,7.021243880588729,0.954918336686695
radiation,SG-TelokKurau06,15,Urb,SWup,0.9929937304532388,6.476900162543779,1.7386910216586315,1.059280788676456
radiation,SG-TelokKurau06,15,Urb,LWup,0.9838839503293992,19.65571183968778,9.91793246594379,1.7271103944189912
radiation,SG-TelokKurau06,15,Urb,Rnet,0.9988317561515475,22.70948040332328,-11.036649457406002,0.9216439562093406
radiation,SG-TelokKurau06,15,Urb_Veg,SWup,0.9932144039703156,6.5177226143718725,2.0133219976466035,1.061011979591283
radiation,SG-TelokKurau06,15,Urb_Veg,LWup,0.9854245795949026,13.240067098217164,-7.782159570498358,1.4369563445523783
radiation,SG-TelokKurau06,15,Urb_Veg,Rnet,0.9992351445008049,15.268693073867036,6.6097706062443935,0.9496442892018563
radiation,SG-TelokKurau06,15,CLM5U,SWup,0.9932088786548663,6.847434622166124,2.5413868965017214,1.067568735102843
radiation,SG-TelokKurau06,15,CLM5U,LWup,0.9822690882983521,17.990453644531748,8.832033228171104,1.6629427000208292
radiation,SG-TelokKurau06,15,CLM5U,Rnet,0.9987998658576818,21.564995225660795,-10.3409990897136,0.9271023096813981
radiation,UK-KingsCollege,16,Slab,SWup,0.9658977847643536,19.637453503914433,10.42725412060196,1.6086850755761317
radiation,UK-KingsCollege,16,Slab,LWup,0.981888113153103,11.132923449189187,-3.8207553712100237,1.1816537190355547
radiation,UK-KingsCollege,16,Slab,Rnet,0.9956108593117426,22.107400388442727,-2.3206734029367553,0.8836736942293353
radiation,UK-KingsCollege,16,Urb,SWup,0.9858833570105823,4.241389871832949,-1.032107642859969,0.9495973810155046
radiation,UK-KingsCollege,16,Urb,LWup,0.9914300890351623,7.007729918238613,4.468075780041089,1.047447481861129
radiation,UK-KingsCollege,16,Urb,Rnet,0.9990887622483194,7.547454129600202,-3.9148739146243803,1.002591456882038
radiation,UK-KingsCollege,16,Urb_Veg,SWup,0.9859852558736798,4.181349314487944,-0.9175469074007435,0.9539238406768639
radiation,UK-KingsCollege,16,Urb_Veg,LWup,0.9917700745825988,5.112903897153983,-1.3701248302905922,1.0124859924490144
radiation,UK-KingsCollege,16,Urb_Veg,Rnet,0.9992326451624246,6.333863504804505,1.870519483124507,1.008106261546406
radiation,UK-KingsCollege,16,CLM5U,SWup,0.9856639288585356,4.213262652101176,-0.9424233423962319,0.9577577831002
radiation,UK-KingsCollege,16,CLM5U,LWup,0.9927335731844336,6.0276302917694435,3.7862522112883954,1.0204653922551357
radiation,UK-KingsCollege,16,CLM5U,Rnet,0.9993322500641619,6.3999817426713985,-3.256541830407439,1.0006752341550786
radiation,UK-Swindon,17,Slab,SWup,0.9870633365244965,11.325490915659959,5.599947423957935,1.2664377908202968
radiation,UK-Swindon,17,Slab,LWup,0.979646850530096,10.587769946986763,2.758880875531526,1.19617828641424
radiation,UK-Swindon,17,Slab,Rnet,0.9965072636149297,17.838089258671502,-6.113412189133868,0.9216870212324344
radiation,UK-Swindon,17,Urb,SWup,0.9951631248301268,3.4528401441661374,-0.9845778677605558,0.9495953934204141
radiation,UK-Swindon,17,Urb,LWup,0.9895189591712831,10.5693361104277,7.200846690395172,1.1600745488998099
radiation,UK-Swindon,17,Urb,Rnet,0.9995159497147239,9.618614583412302,-6.720842472663217,0.9655790419532024
radiation,UK-Swindon,17,Urb_Veg,SWup,0.9941624714006866,3.69470974723959,-0.9273248890261395,0.9488420175719872
radiation,UK-Swindon,17,Urb_Veg,LWup,0.9931746332966467,5.999914427391136,3.1508874540941707,1.0834374395167854
radiation,UK-Swindon,17,Urb_Veg,Rnet,0.9995981067824309,5.475775083364473,-2.6658224328211433,0.9847485735119298
radiation,UK-Swindon,17,CLM5U,SWup,0.988367825217027,4.741531844185868,0.9195779302652017,0.9817848809248951
radiation,UK-Swindon,17,CLM5U,LWup,0.989084090067724,11.44478273576466,7.698831456751766,1.184324181608876
radiation,UK-Swindon,17,CLM5U,Rnet,0.9991189771766249,11.94463773873042,-8.316364832169155,0.9599864338616251
radiation,US-Baltimore,18,Slab,SWup,0.9753099618633901,8.133334703403063,0.0658723446589749,1.0599322299466931
radiation,US-Baltimore,18,Slab,LWup,0.9665176513234438,17.088428661714715,-8.15140770284161,1.0572564587612066
radiation,US-Baltimore,18,Slab,Rnet,0.998111191842094,19.164551480698147,8.096804888768274,0.94306492762766
radiation,US-Baltimore,18,Urb,SWup,0.9196565932260113,16.01278156288376,-0.18813928556583415,1.169754398860577
radiation,US-Baltimore,18,Urb,LWup,0.9720710508387428,19.822087015285142,7.182457339533313,1.2108482279197137
radiation,US-Baltimore,18,Urb,Rnet,0.9977024774317395,22.83005668970463,-7.147903789196706,0.9201659983486135
radiation,US-Baltimore,18,Urb_Veg,SWup,0.9825550517401543,6.790161649680822,-2.05723640535991,1.0112199369190316
radiation,US-Baltimore,18,Urb_Veg,LWup,0.9850392793674115,11.128985851386135,-4.294730684168123,1.055175204385973
radiation,US-Baltimore,18,Urb_Veg,Rnet,0.9992892853998976,12.52420271393871,5.415801837536705,0.9611462618317678
radiation,US-Baltimore,18,CLM5U,SWup,0.9380804314115005,14.039342274299456,1.076858394726374,1.1518041835927555
radiation,US-Baltimore,18,CLM5U,LWup,0.9715536460575411,19.70250385094537,4.879417543609549,1.22369912979785
radiation,US-Baltimore,18,CLM5U,Rnet,0.9969864836842313,22.86006607111386,-5.534404841654827,0.9257430503564924
radiation,US-Minneapolis1,19,Slab,SWup,0.8494261930032653,79.04374636324654,-45.099176088326004,0.43367348006574824
radiation,US-Minneapolis1,19,Slab,LWup,0.9897820033701973,10.294027692182507,-0.4834608537287546,0.9873947478820239
radiation,US-Minneapolis1,19,Slab,Rnet,0.9653062393832602,56.33112840685838,25.887005618386443,1.1110270805342968
radiation,US-Minneapolis1,19,Urb,SWup,0.9385158758851628,38.23651199304579,-12.886275889402517,0.7984675629894502
radiation,US-Minneapolis1,19,Urb,LWup,0.9913227744188187,12.522027134099519,6.930108867194883,1.0516812570570904
radiation,US-Minneapolis1,19,Urb,Rnet,0.9844661505228425,29.377227169771388,0.3213945603671134,0.984016887165857
radiation,US-Minneapolis1,19,Urb_Veg,SWup,0.8535222145955041,61.859333042498406,-26.936125527213157,0.6072990765292959
radiation,US-Minneapolis1,19,Urb_Veg,LWup,0.9900960126558342,10.679911549436037,1.6239943503116832,0.9486012170046046
radiation,US-Minneapolis1,19,Urb_Veg,Rnet,0.9707296135175175,45.27130264161212,13.658589980224749,1.0648932832012383
radiation,US-Minneapolis1,19,CLM5U,SWup,0.9067213253579287,45.94933257945408,-15.466975812095011,0.7562593316480546
radiation,US-Minneapolis1,19,CLM5U,LWup,0.9883899155945866,12.681432160909573,6.2120244972151895,0.9677993209519324
radiation,US-Minneapolis1,19,CLM5U,Rnet,0.9815432869765134,32.933499061925275,2.6386569183967663,1.0254010817676291
radiation,US-Minneapolis2,20,Slab,SWup,0.8242239253827166,81.31485610367399,-46.25690161086831,0.4262935843535191
radiation,US-Minneapolis2,20,Slab,LWup,0.9895712621895666,10.396347114325872,-0.41298803386202,0.9867571634479643
radiation,US-Minneapolis2,20,Slab,Rnet,0.9634285956070519,57.75506589762281,26.46843645524655,1.1128574636510393
radiation,US-Minneapolis2,20,Urb,SWup,0.9543796985783378,43.60881521977539,-26.100738166302502,0.7505256361124992
radiation,US-Minneapolis2,20,Urb,LWup,0.9894845125301532,14.055442655458895,6.577856479985087,1.0830581171508202
radiation,US-Minneapolis2,20,Urb,Rnet,0.9866116068778429,30.14714741342643,8.092465837056515,1.0460292581482769
radiation,US-Minneapolis2,20,Urb_Veg,SWup,0.9575239534225303,63.25135437617998,-41.36786951722423,0.5549634162611078
radiation,US-Minneapolis2,20,Urb_Veg,LWup,0.9915918222633824,10.581918016102444,4.874355491387749,1.006511003147592
radiation,US-Minneapolis2,20,Urb_Veg,Rnet,0.9804752467978355,45.87149181424516,18.508434406147398,1.1362431306388854
radiation,US-Minneapolis2,20,CLM5U,SWup,0.8908156813302489,43.07715598440464,-15.097898477684842,0.7611146671230186
radiation,US-Minneapolis2,20,CLM5U,LWup,0.9824804438768753,14.532394207113102,1.157394756230122,0.9055732926875235
radiation,US-Minneapolis2,20,CLM5U,Rnet,0.9848722197382046,32.37362379313255,7.51739773405677,1.0613104230591675
radiation,US-WestPhoenix,21,Slab,SWup,0.9963457996985228,45.491283297700804,35.46080646331877,1.5185161596283154
radiation,US-WestPhoenix,21,Slab,LWup,0.9940104577592661,10.507747259955256,4.223227068966231,1.0520266219279564
radiation,US-WestPhoenix,21,Slab,Rnet,0.9989687325248582,41.64625812504374,-23.469504635473832,0.8541260650194936
radiation,US-WestPhoenix,21,Urb,SWup,0.9958425170073348,5.4482618026962975,-2.3582885306189105,1.0002133575264214
radiation,US-WestPhoenix,21,Urb,LWup,0.9969261916194657,11.134702464945459,9.301332855972362,1.0045128798876175
radiation,US-WestPhoenix,21,Urb,Rnet,0.9993310467933992,11.546129796800777,-7.996334709086236,0.9957264525947254
radiation,US-WestPhoenix,21,Urb_Veg,SWup,0.9959047022711002,5.381861429764876,-2.2846751569341586,0.9994911276485737
radiation,US-WestPhoenix,21,Urb_Veg,LWup,0.997182990997114,8.527163721435109,6.103088644800127,0.9817368286781717
radiation,US-WestPhoenix,21,Urb_Veg,Rnet,0.9993432192829824,9.605187835505262,-4.839072460625154,1.0045422626750047
radiation,US-WestPhoenix,21,CLM5U,SWup,0.9958408399258155,5.784747778342931,-3.0463402807966307,0.9897724512966987
radiation,US-WestPhoenix,21,CLM5U,LWup,0.9946915253915387,13.724772866573907,11.10549517361688,1.0076501188743006
radiation,US-WestPhoenix,21,CLM5U,Rnet,0.999014492892333,13.939487449761812,-9.42618333015806,1.0081121405336375
turbulent,AU-Preston,1,Slab,Qh,0.8588911483091964,50.22023370037894,-8.639082622680428,1.0228984355683204
turbulent,AU-Preston,1,Slab,Qle,0.39191287453222834,74.27922848430312,4.8848603054888295,1.4778856304829864
turbulent,AU-Preston,1,Slab,Qg,0.8895315488639703,52.071481716795496,-7.117565360304431,0.7401462935346778
turbulent,AU-Preston,1,Urb,Qh,0.933612029947039,37.20479768175019,15.909328835768191,1.006330810709738
turbulent,AU-Preston,1,Urb,Qle,0.4364364254459834,49.67704167222388,-16.505656962766967,0.43206730112070574
turbulent,AU-Preston,1,Urb,Qg,0.9099677963816107,49.83231732955705,-13.19820967904122,1.0789350006982754
turbulent,AU-Preston,1,Urb_Veg,Qh,0.9374025981117794,35.55432733716944,15.125761566847117,0.9700156741031815
turbulent,AU-Preston,1,Urb_Veg,Qle,0.6247236437581257,41.79294252201182,3.587808050690244,0.7967973603698314
turbulent,AU-Preston,1,Urb_Veg,Qg,0.9094463520063911,46.668546656593314,-13.62551238665654,0.919168140892297
turbulent,AU-Preston,1,CLM5U,Qh,0.918751340388716,36.64801069051272,4.5971038860166304,0.9364434454866002
turbulent,AU-Preston,1,CLM5U,Qle,0.6130515796000755,42.43971376902586,-7.113107215126522,0.759135428818954
turbulent,AU-Preston,1,CLM5U,Qg,0.9092719124134144,48.81443627568222,-7.731590794101068,1.0780914265271475
turbulent,AU-SurreyHills,2,Slab,Qh,0.8443328063090385,43.47538283870601,-16.957376967334252,0.7685676054449477
turbulent,AU-SurreyHills,2,Slab,Qle,0.43222070033155385,47.30566136921186,3.7534980781453244,1.5031122204049043
turbulent,AU-SurreyHills,2,Slab,Qg,0.8520172614606987,36.61925514948538,4.233104586460224,0.875281043789832
turbulent,AU-SurreyHills,2,Urb,Qh,0.9297640340398924,30.899088911519545,-4.7598586407129,0.7432496478531793
turbulent,AU-SurreyHills,2,Urb,Qle,0.5507832088484895,29.968537414173248,-10.276673450541315,0.5075192311291392
turbulent,AU-SurreyHills,2,Urb,Qg,0.8514991392411119,42.8644238622335,-0.5290019741280908,1.1776103378269975
turbulent,AU-SurreyHills,2,Urb_Veg,Qh,0.9063359327307512,36.95939002036801,-3.752019057839731,0.6446353786798529
turbulent,AU-SurreyHills,2,Urb_Veg,Qle,0.6440234980387333,30.240451086595566,4.8242856319643375,1.0915463281730533
turbulent,AU-SurreyHills,2,Urb_Veg,Qg,0.8437715976716802,38.12127893268748,-1.3131859079507604,0.9587513488666674
turbulent,AU-SurreyHills,2,CLM5U,Qh,0.9114923068253151,34.622857845496235,-7.872922733220386,0.7152803004036297
turbulent,AU-SurreyHills,2,CLM5U,Qle,0.5035519862773332,33.01950491794485,-15.626704867170282,0.508095296406254
turbulent,AU-SurreyHills,2,CLM5U,Qg,0.848706983815587,46.74808627590299,7.7715634988737,1.250442818336087
turbulent,CA-Sunset,3,Slab,Qh,0.8819461020687542,50.664331928864215,-14.24711507010199,0.8795532700432687
turbulent,CA-Sunset,3,Slab,Qle,0.474839607202211,70.56481319245778,9.834857473724085,1.7339762922576636
turbulent,CA-Sunset,3,Slab,Qg,0.7958908028785893,57.87298242275818,4.991604876992498,0.6010590970468216
turbulent,CA-Sunset,3,Urb,Qh,0.9499924370011521,34.02131966837958,10.605330292354026,0.9764603761607551
turbulent,CA-Sunset,3,Urb,Qle,0.5244002508022557,42.00486722931049,-16.089111148217086,0.47266409013785876
turbulent,CA-Sunset,3,Urb,Qg,0.8461742135996154,48.35107308408158,-1.992299121797452,0.8455522812409427
turbulent,CA-Sunset,3,Urb_Veg,Qh,0.9479819464021821,33.63633683398322,6.691545300127004,0.9197118688863084
turbulent,CA-Sunset,3,Urb_Veg,Qle,0.6820675369208918,33.70323302554662,-5.419188826470108,0.6886300205971263
turbulent,CA-Sunset,3,Urb_Veg,Qg,0.8461542113263623,48.54527680996151,-2.044590747781505,0.7989246467430005
turbulent,CA-Sunset,3,CLM5U,Qh,0.9451023539223936,43.29689687656908,-11.725172143227292,0.7074297441394644
turbulent,CA-Sunset,3,CLM5U,Qle,0.6980023206418,35.79245885796647,6.593966097775767,0.9902165005861717
turbulent,CA-Sunset,3,CLM5U,Qg,0.8460688643955732,49.026373631717874,3.9811047996509634,0.9259328550980396
turbulent,FI-Kumpula,4,Slab,Qh,0.601336443211408,50.39481385419624,-17.77594383653513,0.620820768529396
turbulent,FI-Kumpula,4,Slab,Qle,0.6087679807574704,38.84686328825406,-2.4617861430710533,1.2595198325241321
turbulent,FI-Kumpula,4,Slab,Qg,0.5798336273380882,59.513559935840405,28.191434184161157,0.9821873261703001
turbulent,FI-Kumpula,4,Urb,Qh,0.7756438835391205,37.46780085740018,4.0716814927197955,0.787121166945517
turbulent,FI-Kumpula,4,Urb,Qle,0.642988186540534,32.26978112851935,-10.039734003808237,0.3741140276219306
turbulent,FI-Kumpula,4,Urb,Qg,0.6322650114297476,56.09385001560782,9.395059342583401,1.1970302633145786
turbulent,FI-Kumpula,4,Urb_Veg,Qh,0.8340351392656103,32.97960727372706,5.14797462211165,0.8551296324542359
turbulent,FI-Kumpula,4,Urb_Veg,Qle,0.7878987526805671,23.284428700799054,-0.5898178423165817,0.7696635058733474
turbulent,FI-Kumpula,4,Urb_Veg,Qg,0.6241478051091823,50.2713937566472,9.142307040384313,0.9763240412610797
turbulent,FI-Kumpula,4,CLM5U,Qh,0.7483166730082025,40.15725978392517,-8.152147340284099,0.6842927412195896
turbulent,FI-Kumpula,4,CLM5U,Qle,0.6780964837261649,28.16044664632668,-1.7339813032506484,0.7929844731509019
turbulent,FI-Kumpula,4,CLM5U,Qg,0.6194877586500375,56.61201494810009,13.406007840840356,1.160811291530294
turbulent,FI-Torni,5,Slab,Qh,0.6322327015555583,70.40541612101137,-44.378990887380134,0.7566665534233904
turbulent,FI-Torni,5,Slab,Qle,0.3492809175365141,58.25792078196006,5.384036412256596,1.9508157301640905
turbulent,FI-Torni,5,Slab,Qg,0.6489292841700153,72.88032099006678,39.19320988716698,0.6074143869231318
turbulent,FI-Torni,5,Urb,Qh,0.7629485489252154,45.767268145652785,0.6158441633013718,0.880242939985883
turbulent,FI-Torni,5,Urb,Qle,0.3082440260832357,31.331430997023933,-8.032764239130534,0.49095845586575376
turbulent,FI-Torni,5,Urb,Qg,0.7560027750967383,56.397706519533244,-0.5717441824279426,1.0022584710182127
turbulent,FI-Torni,5,Urb_Veg,Qh,0.7689478051603107,46.71036460149739,13.180255214574,0.8410332703980143
turbulent,FI-Torni,5,Urb_Veg,Qle,0.5111966668970337,27.62256754003296,-2.099822175633968,0.7048068575522712
turbulent,FI-Torni,5,Urb_Veg,Qg,0.7606234939887497,54.32243609174709,1.3451934785209543,0.9397473616596289
turbulent,FI-Torni,5,CLM5U,Qh,0.7058590051388365,51.27959676708915,-11.779405303020626,0.8135914498852785
turbulent,FI-Torni,5,CLM5U,Qle,0.43723833265116696,28.59113658404618,0.043652889283640646,0.6030955469193975
turbulent,FI-Torni,5,CLM5U,Qg,0.7409840785372185,61.241724101544385,2.43311292014279,1.0943625643665145
turbulent,FR-Capitole,6,Slab,Qh,0.8135741996482818,68.17658920305935,-43.78732212646754,1.0816173331876504
turbulent,FR-Capitole,6,Slab,Qle,0.5324862501286141,66.86859649103639,17.887940465753957,3.5643691517031786
turbulent,FR-Capitole,6,Slab,Qg,0.8641883856297944,74.62037002683293,32.36572297696028,0.565914896160257
turbulent,FR-Capitole,6,Urb,Qh,0.8985205337992578,36.42524926240486,-5.034541584218188,0.8463923791657004
turbulent,FR-Capitole,6,Urb,Qle,0.45652461701569075,21.16243206960511,-8.24622655847323,0.7957136697443142
turbulent,FR-Capitole,6,Urb,Qg,0.9298207736385441,48.454744810634246,13.160150331730575,1.1005734855561364
turbulent,FR-Capitole,6,Urb_Veg,Qh,0.9030603616905184,35.444043625874485,2.2347719502326657,0.8450508162538108
turbulent,FR-Capitole,6,Urb_Veg,Qle,0.5822223942136474,18.584747068604788,-2.048292908160515,0.9738395563854255
turbulent,FR-Capitole,6,Urb_Veg,Qg,0.9295376392892244,46.05526958973673,13.249591111510059,1.0357820273541267
turbulent,FR-Capitole,6,CLM5U,Qh,0.8537327745229575,50.308075897704875,-23.243682652777792,0.6874089070313076
turbulent,FR-Capitole,6,CLM5U,Qle,0.527000589294808,20.108054321005774,-6.953248875554648,0.8837421482152832
turbulent,FR-Capitole,6,CLM5U,Qg,0.9230801263783367,61.78582710777704,28.13783971192872,1.2078468991865239
turbulent,GR-HECKOR,7,Slab,Qh,0.9192747586736715,58.67430533053807,7.068494058176465,1.3154758588193038
turbulent,GR-HECKOR,7,Slab,Qle,0.16049105272776085,66.91874040523352,-4.515352513611015,1.788585186084499
turbulent,GR-HECKOR,7,Slab,Qg,0.9380084776380504,69.66137998469668,-9.930863451248266,0.6187398626384116
turbulent,GR-HECKOR,7,Urb,Qh,0.9516270595745653,37.351086271829395,11.500970159232116,1.0989111537052099
turbulent,GR-HECKOR,7,Urb,Qle,0.1894693722407613,41.968398813053874,-15.113156256975948,0.7209322973429413
turbulent,GR-HECKOR,7,Urb,Qg,0.9515833629771515,54.02538832260431,-20.656041512065823,0.80352820687644
turbulent,GR-HECKOR,7,Urb_Veg,Qh,0.9499032277069858,38.25542112599358,12.271878056273795,1.1016126722158537
turbulent,GR-HECKOR,7,Urb_Veg,Qle,0.29767365639226145,38.119410388036755,-7.9902301109123135,0.7649159534880416
turbulent,GR-HECKOR,7,Urb_Veg,Qg,0.9520795690670962,55.725158721682156,-20.834033069199013,0.7753477950301783
turbulent,GR-HECKOR,7,CLM5U,Qh,0.9501943517054195,37.46109675056901,6.144392949108091,1.1187321029050357
turbulent,GR-HECKOR,7,CLM5U,Qle,0.14484573826398411,44.63571808903925,-17.946441520156498,0.7616164415253217
turbulent,GR-HECKOR,7,CLM5U,Qg,0.9475986318539373,50.58090670461519,-9.150876914529656,0.8311660484643656
turbulent,JP-Yoyogi,8,Slab,Qh,0.5874113929808197,65.11546996709002,-35.818581000985304,0.7466684059142306
turbulent,JP-Yoyogi,8,Slab,Qle,0.5207329223006383,128.98424848341057,54.817614838726314,3.471902979168185
turbulent,JP-Yoyogi,8,Slab,Qg,0.8007061188355867,94.8026639337314,-17.092372205230006,0.47715188440683437
turbulent,JP-Yoyogi,8,Urb,Qh,0.8502198369992674,46.294078217590155,29.29668658165659,0.9861247459311261
turbulent,JP-Yoyogi,8,Urb,Qle,0.4452388321244163,38.11222361664267,-14.067012833157296,0.7039197005558392
turbulent,JP-Yoyogi,8,Urb,Qg,0.9362447547245126,54.55690125189597,-23.603456754012644,1.0106112279620092
turbulent,JP-Yoyogi,8,Urb_Veg,Qh,0.8564752450642601,48.6451487589661,33.975823228203176,0.9677660295930711
turbulent,JP-Yoyogi,8,Urb_Veg,Qle,0.5517459542597288,33.930691873765014,-10.268000560754906,0.7206728337707594
turbulent,JP-Yoyogi,8,Urb_Veg,Qg,0.9380057114275058,53.71101150851888,-24.494635519593874,0.978790609462993
turbulent,JP-Yoyogi,8,CLM5U,Qh,0.8099729154229319,40.19756212720814,9.806606809244924,0.885142168643955
turbulent,JP-Yoyogi,8,CLM5U,Qle,0.4715145422442627,36.67190495173413,-11.020056591793944,0.7347998983079281
turbulent,JP-Yoyogi,8,CLM5U,Qg,0.9340255931844759,52.14547338413862,-3.654639286280205,1.0630280080080903
turbulent,KR-Jungnang,9,Slab,Qh,0.6920569321973925,72.00380959725115,-45.61005700523645,0.8695146933254915
turbulent,KR-Jungnang,9,Slab,Qle,0.4156591732389236,101.50270949676992,36.24580471168418,3.6650319984428212
turbulent,KR-Jungnang,9,Slab,Qg,0.8508447623831047,82.84470966175022,3.1265603525154515,0.5530919584297495
turbulent,KR-Jungnang,9,Urb,Qh,0.8177257992484501,45.87381807199503,10.664280945857145,0.9694129364445517
turbulent,KR-Jungnang,9,Urb,Qle,0.3702682898133018,28.966118417729177,-10.127358098585328,0.6347026299023237
turbulent,KR-Jungnang,9,Urb,Qg,0.9227002530021033,55.402000772549826,-10.56729775448041,1.0163799259753825
turbulent,KR-Jungnang,9,Urb_Veg,Qh,0.8177134664605281,45.86438263398808,10.64132616351887,0.9691129319131508
turbulent,KR-Jungnang,9,Urb_Veg,Qle,0.37027577637310966,28.9658096873527,-10.127597361906648,0.6346661546997965
turbulent,KR-Jungnang,9,Urb_Veg,Qg,0.9227043145016551,55.396824475074936,-10.569001554833099,1.0162507654343151
turbulent,KR-Jungnang,9,CLM5U,Qh,0.7885405826566199,46.496863881554376,-4.7581515610919505,0.8391391287321172
turbulent,KR-Jungnang,9,CLM5U,Qle,0.34595654576626655,29.9315592296442,-10.254494749619889,0.6940577138353151
turbulent,KR-Jungnang,9,CLM5U,Qg,0.9239600551211975,57.75196607341232,3.0046079568333943,1.0992177359614401
turbulent,KR-Ochang,10,Slab,Qh,0.8257316569013274,53.61470974553526,7.340476089194855,1.4003622350266447
turbulent,KR-Ochang,10,Slab,Qle,0.605470022696784,77.55907478758245,15.943395034899337,1.7558713645310844
turbulent,KR-Ochang,10,Slab,Qg,0.8115203703654974,75.65056979344308,-22.55005770029568,0.5044662714176712
turbulent,KR-Ochang,10,Urb,Qh,0.8903341805601073,39.87214143810181,23.435581339990076,1.0688915653443885
turbulent,KR-Ochang,10,Urb,Qle,0.7184050750299172,42.20781006305508,-13.512217180379404,0.47512018356704944
turbulent,KR-Ochang,10,Urb,Qg,0.9099346392066362,52.71109157005383,-25.853927871003588,0.975452718059013
turbulent,KR-Ochang,10,Urb_Veg,Qh,0.8930837094851617,37.83472087143588,21.5451119566589,1.0342936818815884
turbulent,KR-Ochang,10,Urb_Veg,Qle,0.7677476476701968,35.8185152675694,5.5790971481626315,0.8887049570902636
turbulent,KR-Ochang,10,Urb_Veg,Qg,0.9088218792491308,52.96991342415155,-26.4648977902331,0.8654243165321441
turbulent,KR-Ochang,10,CLM5U,Qh,0.8398140021657753,36.1475381205246,3.310310983173618,0.7841835965022318
turbulent,KR-Ochang,10,CLM5U,Qle,0.6888609555921592,48.95957132803737,9.53103061856019,1.196758003237535
turbulent,KR-Ochang,10,CLM5U,Qg,0.9049120505611096,52.241258516966816,-23.61521128064409,0.9224946145263941
turbulent,MX-Escandon,11,Slab,Qh,0.7684067722093871,56.38042094098921,-16.76895247736802,1.0485428787640838
turbulent,MX-Escandon,11,Slab,Qle,0.42581747435212525,76.31183048398428,5.565763180805338,2.2995610793787877
turbulent,MX-Escandon,11,Slab,Qg,,,,
turbulent,MX-Escandon,11,Urb,Qh,0.8212821888205671,50.65514757701251,9.636605232011542,1.123008287115365
turbulent,MX-Escandon,11,Urb,Qle,0.2427527507805411,42.74157691744345,-18.870679100584955,0.6405310440679202
turbulent,MX-Escandon,11,Urb,Qg,,,,
turbulent,MX-Escandon,11,Urb_Veg,Qh,0.8247023677058416,52.71893490664863,12.497358228029851,1.1738958055929716
turbulent,MX-Escandon,11,Urb_Veg,Qle,0.4201915693702819,36.40370140172083,-11.251632246086947,0.6893985000203301
turbulent,MX-Escandon,11,Urb_Veg,Qg,,,,
turbulent,MX-Escandon,11,CLM5U,Qh,0.8071174148144987,49.537947397815785,-8.07685333811351,1.0389266391416851
turbulent,MX-Escandon,11,CLM5U,Qle,0.29671886513209317,42.916280352009046,-18.531961556140203,0.7527315521038482
turbulent,MX-Escandon,11,CLM5U,Qg,,,,
turbulent,NL-Amsterdam,12,Slab,Qh,0.7773965274444539,67.12316250961891,-35.41733559506353,0.8243540137103827
turbulent,NL-Amsterdam,12,Slab,Qle,0.5379167811533634,65.3427966224238,10.39373731012224,2.238030372544037
turbulent,NL-Amsterdam,12,Slab,Qg,0.8262334970526485,79.71912348423649,9.222467662226027,0.44326025702553307
turbulent,NL-Amsterdam,12,Urb,Qh,0.8515263134236467,48.49464386714101,9.483336547321192,0.8080964284818855
turbulent,NL-Amsterdam,12,Urb,Qle,0.6499082560223541,27.543432185989303,-9.28254741968459,0.7152228320665708
turbulent,NL-Amsterdam,12,Urb,Qg,0.8949621360039449,56.509805711332206,-6.441900450034518,1.0799085306581222
turbulent,NL-Amsterdam,12,Urb_Veg,Qh,0.8575150379167179,52.79537105432864,24.110194116746044,0.7847205087280524
turbulent,NL-Amsterdam,12,Urb_Veg,Qle,0.6440947719016223,28.50403446740281,-4.083267997734839,0.9657485087758081
turbulent,NL-Amsterdam,12,Urb_Veg,Qg,0.8949990148861771,53.30689068562462,-6.0431576135752625,0.9877899296459766
turbulent,NL-Amsterdam,12,CLM5U,Qh,0.8405194614066435,50.15867654672154,-10.044560669144818,0.7959992291857758
turbulent,NL-Amsterdam,12,CLM5U,Qle,0.6542372463898684,26.68232616902138,-1.4555788268255043,0.8595263833052166
turbulent,NL-Amsterdam,12,CLM5U,Qg,0.8888095783796092,56.23609649866377,6.15583632268202,1.0343083806698354
turbulent,PL-Lipowa,13,Slab,Qh,0.8090034130562854,40.410797545275535,1.8038972399551707,0.9511519935173066
turbulent,PL-Lipowa,13,Slab,Qle,0.3776652697929161,56.1528933637069,9.681664319452073,1.812411235835132
turbulent,PL-Lipowa,13,Slab,Qg,0.8299227037421884,88.94249285981766,-7.24412070157098,0.43131255218477743
turbulent,PL-Lipowa,13,Urb,Qh,0.8585891495230871,65.4584409844942,51.74942130899378,1.1712227222899998
turbulent,PL-Lipowa,13,Urb,Qle,0.33689183596831435,31.987246494226238,-8.023761313471523,0.5021556330525857
turbulent,PL-Lipowa,13,Urb,Qg,0.9070999421313551,62.627006183156986,-24.510665204822104,0.7603702631079313
turbulent,PL-Lipowa,13,Urb_Veg,Qh,0.846245378773805,66.89810953171748,55.06654030742559,1.0461092719574143
turbulent,PL-Lipowa,13,Urb_Veg,Qle,0.6261499629431335,26.864871276766657,2.2631225257840017,0.9000850365480391
turbulent,PL-Lipowa,13,Urb_Veg,Qg,0.9043764016077153,65.17612723739015,-24.61987013758736,0.7152601384578269
turbulent,PL-Lipowa,13,CLM5U,Qh,0.8195247773528351,54.94416614400463,37.978696448811924,0.9788140754738984
turbulent,PL-Lipowa,13,CLM5U,Qle,0.5536088280213269,27.504099430833058,-3.365108504761878,0.682614814180219
turbulent,PL-Lipowa,13,CLM5U,Qg,0.8917867667742975,60.102244372740735,-12.478914260815378,0.8464110976682194
turbulent,PL-Narutowicza,14,Slab,Qh,0.7905187362306079,46.142640412329946,-11.40897778761955,0.8400057171562936
turbulent,PL-Narutowicza,14,Slab,Qle,0.4284659362550751,56.56303431896052,-5.718538100370001,1.3749279590350405
turbulent,PL-Narutowicza,14,Slab,Qg,0.8310346839721691,58.17601489877249,-0.5209418310949023,0.636765615153953
turbulent,PL-Narutowicza,14,Urb,Qh,0.8851294349717853,51.79884486655292,35.80227354539422,1.1044655856940235
turbulent,PL-Narutowicza,14,Urb,Qle,0.4372284972346443,43.21914523749131,-19.266362491886525,0.41652076717092695
turbulent,PL-Narutowicza,14,Urb,Qg,0.8919342457547059,49.96760803142913,-17.877201978996904,1.0292773026512574
turbulent,PL-Narutowicza,14,Urb_Veg,Qh,0.8841605904037736,50.4233001642423,36.91501051561246,0.9516624460611314
turbulent,PL-Narutowicza,14,Urb_Veg,Qle,0.6567463234707845,33.904721645277284,-3.8725690453338064,0.8682951694470773
turbulent,PL-Narutowicza,14,Urb_Veg,Qg,0.897028797624216,47.59398456106783,-18.0979073011269,0.9554206813676184
turbulent,PL-Narutowicza,14,CLM5U,Qh,0.8137527904855414,46.80205339153289,19.802235893700452,0.8564499055128537
turbulent,PL-Narutowicza,14,CLM5U,Qle,0.5279979781362008,38.78704457390864,-11.497551414076586,0.6720347463827078
turbulent,PL-Narutowicza,14,CLM5U,Qg,0.8839288448341979,54.225767573656825,-7.172871584881178,1.1626025527605541
turbulent,SG-TelokKurau06,15,Slab,Qh,0.7085849909561752,69.54835828147053,-36.74805049318371,0.6757611084892505
turbulent,SG-TelokKurau06,15,Slab,Qle,0.7164997374424382,124.66450131426876,50.43868362614547,2.945806297814165
turbulent,SG-TelokKurau06,15,Slab,Qg,0.8477403935318429,70.0610415999636,-7.3631428150896,0.5158068722857234
turbulent,SG-TelokKurau06,15,Urb,Qh,0.9588257869612958,33.23489848498694,16.280041855308784,1.1575622057298718
turbulent,SG-TelokKurau06,15,Urb,Qle,0.4100814000393809,49.230310137751786,-16.56036007050146,0.6756226883678623
turbulent,SG-TelokKurau06,15,Urb,Qg,0.9167590359799599,46.736577811289465,-10.067602428876585,1.0086457874888235
turbulent,SG-TelokKurau06,15,Urb_Veg,Qh,0.9608060090582287,31.152006736738446,18.350351532391617,1.0784625776551604
turbulent,SG-TelokKurau06,15,Urb_Veg,Qle,0.6737436534122523,37.046923022078026,-0.834960366947127,0.8464456560412565
turbulent,SG-TelokKurau06,15,Urb_Veg,Qg,0.9211822989896243,44.59183800430443,-10.475596550537583,0.9311290675624957
turbulent,SG-TelokKurau06,15,CLM5U,Qh,0.9573976926226611,24.165539917129045,-0.9831436240859305,0.9643564700018878
turbulent,SG-TelokKurau06,15,CLM5U,Qle,0.5870346884248591,41.104227576282945,-4.243984332544793,0.8023327086157707
turbulent,SG-TelokKurau06,15,CLM5U,Qg,0.922706213474806,44.90654823943531,-4.488806025536992,1.0340890339090694
turbulent,UK-KingsCollege,16,Slab,Qh,0.6869601848562105,74.04501601308003,-54.797666711555095,0.8329746919709475
turbulent,UK-KingsCollege,16,Slab,Qle,0.3607418968150765,60.76269244689523,14.419945932724705,2.596540821398735
turbulent,UK-KingsCollege,16,Slab,Qg,0.8454571317252153,80.21191899532207,39.11563072978078,0.5199063788137335
turbulent,UK-KingsCollege,16,Urb,Qh,0.7968000261030537,44.48615549361421,-18.036238393540618,0.7612679414389613
turbulent,UK-KingsCollege,16,Urb,Qle,0.4278000865665852,23.389480176231146,0.7848615628947682,0.7494282616443356
turbulent,UK-KingsCollege,16,Urb,Qg,0.8981113950784096,53.454139399244376,14.106672835150171,1.0347142756011247
turbulent,UK-KingsCollege,16,Urb_Veg,Qh,0.7973976779477951,42.989196174347754,-13.9726672540285,0.7524410093627094
turbulent,UK-KingsCollege,16,Urb_Veg,Qle,0.43868275046293126,23.73531318334271,2.5560931069923347,0.7997335514700988
turbulent,UK-KingsCollege,16,Urb_Veg,Qg,0.8984900097331636,52.914542411907895,14.180410402488388,1.0193026119692346
turbulent,UK-KingsCollege,16,CLM5U,Qh,0.7604959335141469,55.45892417228854,-34.0110301584675,0.8196708923507675
turbulent,UK-KingsCollege,16,CLM5U,Qle,0.4254428252026754,24.621510554865754,1.6535037769868894,0.8697114727946346
turbulent,UK-KingsCollege,16,CLM5U,Qg,0.8872875069611299,61.11260814944955,30.00065558926083,1.0028291260946227
turbulent,UK-Swindon,17,Slab,Qh,0.8430146530326041,33.473799483626955,0.2202760440590531,0.8888844203016634
turbulent,UK-Swindon,17,Slab,Qle,0.7096173077829597,50.59997896025129,9.438847865703266,1.711417759510188
turbulent,UK-Swindon,17,Slab,Qg,0.8666472947441963,39.992093870995994,-14.360717751835967,0.8048056522348672
turbulent,UK-Swindon,17,Urb,Qh,0.9432144188646978,33.14462479639691,24.417793868664692,1.08573596971356
turbulent,UK-Swindon,17,Urb,Qle,0.8318864022098383,27.053130452581662,-10.463513465919181,0.5676499280575975
turbulent,UK-Swindon,17,Urb,Qg,0.9240976566772997,36.49827967957994,-20.71538663749808,1.0574420488264311
turbulent,UK-Swindon,17,Urb_Veg,Qh,0.9481714878544878,32.217915282849994,24.293670403373,1.0726939481038589
turbulent,UK-Swindon,17,Urb_Veg,Qle,0.8840058892298636,20.92850608558453,-5.6523477838207015,0.7168564483966453
turbulent,UK-Swindon,17,Urb_Veg,Qg,0.9250165522819976,35.542676028713366,-21.02206816079019,0.9933395218401102
turbulent,UK-Swindon,17,CLM5U,Qh,0.9142115490539406,27.393497721309448,8.535043442615835,0.8043640579506328
turbulent,UK-Swindon,17,CLM5U,Qle,0.8050877317119511,25.76426661871881,-0.5550398719549815,1.0305893511245972
turbulent,UK-Swindon,17,CLM5U,Qg,0.9183380768112973,35.67918571307804,-14.364487730212257,1.110628904108799
turbulent,US-Baltimore,18,Slab,Qh,0.7166759533408399,66.45309783988235,-16.165100421973932,0.9251787250164583
turbulent,US-Baltimore,18,Slab,Qle,0.7561578490860836,86.07254645174388,32.540151406490914,1.637183310048957
turbulent,US-Baltimore,18,Slab,Qg,0.6608944108211026,74.08602611501377,-1.7996145656344482,0.5720729260288173
turbulent,US-Baltimore,18,Urb,Qh,0.8194269412802367,53.57448172721597,14.718697992649151,0.9187846905966498
turbulent,US-Baltimore,18,Urb,Qle,0.7811026066294677,52.64817935658547,-12.498643683807696,0.4551186945152193
turbulent,US-Baltimore,18,Urb,Qg,0.8021152787505561,64.7322433795319,-4.522116798214334,1.0805351882494287
turbulent,US-Baltimore,18,Urb_Veg,Qh,0.8386718123892669,48.312329700044515,1.4381928280218585,0.8108909313560978
turbulent,US-Baltimore,18,Urb_Veg,Qle,0.8368583135820383,46.47985387466302,11.824772614396503,1.1259969936975678
turbulent,US-Baltimore,18,Urb_Veg,Qg,0.8184827834490764,56.62319149123913,-4.8921737011780335,0.7834750640964234
turbulent,US-Baltimore,18,CLM5U,Qh,0.7572807288110794,58.1049571640194,-5.600658108798309,0.7529365669261947
turbulent,US-Baltimore,18,CLM5U,Qle,0.6636136710016238,60.11309546781564,8.739319247101509,0.997290646948062
turbulent,US-Baltimore,18,CLM5U,Qg,0.7957177177165786,61.59489911467939,-0.5537167343035069,0.9634363569301579
turbulent,US-Minneapolis1,19,Slab,Qh,0.8604968315641507,66.11934383999498,11.458733840796544,1.452127945634997
turbulent,US-Minneapolis1,19,Slab,Qle,0.6270096070933022,63.6793093215607,13.977898126889828,1.4381372412347428
turbulent,US-Minneapolis1,19,Slab,Qg,0.45140044062426354,73.97191407182297,8.635992259972028,0.4819739729343027
turbulent,US-Minneapolis1,19,Urb,Qh,0.8544510051560495,43.62206275119528,4.0239064375611315,0.8905223876921472
turbulent,US-Minneapolis1,19,Urb,Qle,0.804136745310398,34.21404338582234,-0.48426361615858154,0.6304805134175352
turbulent,US-Minneapolis1,19,Urb,Qg,0.6307463251333268,71.37810388187268,3.1793998623518394,1.0165592547667424
turbulent,US-Minneapolis1,19,Urb_Veg,Qh,0.9066003943418012,35.447727596243055,3.8556377817437264,0.9270164161082757
turbulent,US-Minneapolis1,19,Urb_Veg,Qle,0.8706420086192881,36.92278334867243,14.287165601501265,1.2419488781454968
turbulent,US-Minneapolis1,19,Urb_Veg,Qg,0.6439444276555876,64.83156615755115,3.362252392228974,0.8277776003359171
turbulent,US-Minneapolis1,19,CLM5U,Qh,0.8607409318627072,49.00954062196261,-13.019407363379779,0.612245827645341
turbulent,US-Minneapolis1,19,CLM5U,Qle,0.8364721229543601,47.05648487790184,19.160597471402088,1.3886957245469105
turbulent,US-Minneapolis1,19,CLM5U,Qg,0.629386674427077,70.45230701493323,3.9832682193601388,0.9854447684307851
turbulent,US-Minneapolis2,20,Slab,Qh,0.7748391326555547,89.33537438500905,27.989510354656176,1.9450963285765237
turbulent,US-Minneapolis2,20,Slab,Qle,0.5776686024813277,79.91660234377574,2.989795090675067,1.188916362237605
turbulent,US-Minneapolis2,20,Slab,Qg,0.547744925968436,67.91826952996146,1.8122993971977577,0.5802962571563285
turbulent,US-Minneapolis2,20,Urb,Qh,0.7863581056311403,53.13590006687993,17.40029168328844,1.2741469210780638
turbulent,US-Minneapolis2,20,Urb,Qle,0.8605509788441951,44.75370407150699,-11.176021240064836,0.6442998230417502
turbulent,US-Minneapolis2,20,Urb,Qg,0.67686397082935,67.60532297532261,6.96355806657867,1.0587734353737577
turbulent,US-Minneapolis2,20,Urb_Veg,Qh,0.8593304939722953,54.51605149439188,19.878619612150423,1.469116084306691
turbulent,US-Minneapolis2,20,Urb_Veg,Qle,0.8870724870006603,36.41534492958886,-0.38427739737503375,0.8314159719656841
turbulent,US-Minneapolis2,20,Urb_Veg,Qg,0.6797615751933984,63.389875314866266,6.317082879457574,0.9388207950490817
turbulent,US-Minneapolis2,20,CLM5U,Qh,0.6477894934956295,50.49024112731579,-18.7530675849917,0.698752179200762
turbulent,US-Minneapolis2,20,CLM5U,Qle,0.8869034938745395,61.25235511312566,21.76170372754772,1.493174959622116
turbulent,US-Minneapolis2,20,CLM5U,Qg,0.6564231654692744,62.82624587632113,14.519203843157479,1.2226518383690084
turbulent,US-WestPhoenix,21,Slab,Qh,0.9515846179693869,29.129093362325918,2.601768282701068,1.0363998172608127
turbulent,US-WestPhoenix,21,Slab,Qle,0.2789580727743801,36.33174470975077,-11.783561685283196,1.0887656308610203
turbulent,US-WestPhoenix,21,Slab,Qg,0.9598535976359147,44.477489469001014,-14.024071605909468,0.7905987529332145
turbulent,US-WestPhoenix,21,Urb,Qh,0.9550244912311437,40.95647038543233,22.80703742483087,1.182770993055197
turbulent,US-WestPhoenix,21,Urb,Qle,0.4274670517352047,27.71695946590634,-12.506023294030918,0.43809023371391803
turbulent,US-WestPhoenix,21,Urb,Qg,0.9632087963813241,39.059956663230615,-18.059721838508295,0.969119214669831
turbulent,US-WestPhoenix,21,Urb_Veg,Qh,0.956174846174438,41.30436782989815,22.64949000290427,1.1978133880489485
turbulent,US-WestPhoenix,21,Urb_Veg,Qle,0.5192215720957195,25.140018971953705,-9.184413949459758,0.4837644345121726
turbulent,US-WestPhoenix,21,Urb_Veg,Qg,0.9633198671073355,39.0520714462035,-18.077540874432348,0.9501662470871491
turbulent,US-WestPhoenix,21,CLM5U,Qh,0.9332009466880479,37.54951002671211,17.517577661793133,0.9972830210002285
turbulent,US-WestPhoenix,21,CLM5U,Qle,0.33278180639809635,30.0384073616793,-12.961317180666587,0.6355488506660323
turbulent,US-WestPhoenix,21,CLM5U,Qg,0.9605668760219609,43.2632308089495,-13.367653321550497,1.117648729390834
